symbol,organ_name
YTC,Công ty Cổ phần Xuất nhập khẩu Y tế Thành phố Hồ Chí Minh
YEG,Công ty Cổ phần Tập đoàn Yeah1
YBM,Công ty Cổ phần Khoáng sản Công nghiệp Yên Bái
YBC,Công ty Cổ phần Xi măng và Khoáng sản Yên Bái
XPH,Công ty Cổ phần Xà phòng Hà Nội
XMP,Công ty Cổ phần Thủy điện Xuân Minh
XMD,Công ty Cổ phần Xuân Mai - Đạo Tú
XMC,Công ty cổ phần Đầu tư và Xây dựng Xuân Mai
XLV,Công ty Cổ phần Xây lắp và Dịch vụ Sông Đà
XHC,Công ty Cổ phần Xuân Hòa Việt Nam
XDH,Công ty Cổ phần Đầu tư Xây dựng Dân dụng Hà Nội
XDC,Công ty Cổ phần Xây dựng Công trình Tân Cảng
X77,Công ty Cổ phần Thành An 77
X26,Công ty Cổ phần 26
X20,Công ty Cổ phần X20
WTC,Công ty Cổ phần Vận tải thủy - Vinacomin
WSS,Công ty Cổ phần Chứng khoán Phố Wall
WSB,Công ty Cổ phần Bia Sài Gòn - Miền Tây
WCS,Công ty Cổ phần Bến xe Miền Tây
VXT,Công ty Cổ phần Kho vận và dịch vụ thương mại
VXP,Công ty Cổ phần Thuốc Thú y Trung ương VETVACO
VXB,Công ty Cổ phần Vật liệu xây dựng Bến Tre
VWS,Công ty Cổ phần Nước và Môi trường Việt Nam
VW3,Công ty Cổ phần VIWASEEN3
VVS,Công ty Cổ phần Đầu tư Phát triển Máy Việt Nam
VVN,Tổng Công ty Cổ phần Xây dựng Công nghiệp Việt Nam
VUA,Công ty Cổ phần Chứng khoán Stanley Brothers
VTZ,Công ty Cổ phần Sản xuất và Thương mại Nhựa Việt Thành
VTX,Công ty Cổ phần Vận tải Đa phương thức VIETRANSTIMEX
VTV,Công ty Cổ phần Năng lượng và Môi trường VICEM
VTS,Công ty Cổ phần Gạch Ngói Từ Sơn
VTR,Công ty Cổ phần Du lịch và tiếp thị giao thông vận tải Việt Nam - Vietravel
VTQ,Công ty Cổ phần Việt Trung Quảng Bình
VTP,Tổng Công ty Cổ phần Bưu chính Viettel
VTO,Công ty Cổ phần Vận tải Xăng dầu VITACO
VTM,Công ty Cổ phần Vận tải và Đưa đón thợ mỏ - Vinacomin
VTL,Công ty Cổ phần Vang Thăng Long
VTK,Công ty Cổ phần Tư vấn và Dịch vụ Viettel
VTJ,Công ty Cổ phần Thương mại và Đầu tư VI NA TA BA
VTI,Công ty Cổ phần Sản xuất - Xuất nhập khẩu Dệt may
VTH,Công ty Cổ phần Dây cáp điện Việt Thái
VTG,Công ty Cổ phần Du lịch tỉnh Bà Rịa - Vũng Tàu
VTE,Công ty Cổ phần VINACAP Kim Long
VTD,Công ty Cổ phần Vietourist Holdings
VTC,Công ty Cổ phần Viễn Thông VTC
VTB,Công ty Cổ phần Viettronics Tân Bình
VTA,Công ty Cổ phần VITALY
VST,Công ty Cổ phần Vận tải và Thuê Tàu biển Việt Nam
VSP,Công ty Cổ phần Vận tải biển và Bất động sản Việt Hải
VSN,Công ty Cổ phần Việt Nam Kỹ Nghệ Súc Sản
VSM,Công ty Cổ phần Container Miền Trung
VSI,Công ty Cổ phần Đầu tư và Xây dựng Cấp thoát nước
VSH,Công ty Cổ phần Thủy điện Vĩnh Sơn - Sông Hinh
VSG,Công ty Cổ phần Container Phía Nam
VSF,Tổng Công ty Lương thực Miền Nam - Công ty Cổ phần
VSE,Công ty Cổ phần Dịch vụ Đường cao tốc Việt Nam
VSC,Công ty Cổ phần Container Việt Nam
VSA,Công ty Cổ phần Đại lý Hàng hải Việt Nam
VRG,Công ty Cổ phần Phát triển Đô thị và Khu Công nghiệp Cao Su Việt Nam
VRE,Công ty Cổ phần Vincom Retail
VRC,Công ty Cổ phần Bất động sản và Đầu tư VRC
VQC,Công ty Cổ phần Giám định Vinaconmin
VPW,Công ty Cổ phần Cấp thoát nước số 1 Vĩnh Phúc
VPS,Công ty Cổ phần Thuốc sát trùng Việt Nam
VPR,Công ty Cổ phần VINAPRINT
VPI,Công ty Cổ phần Đầu tư Văn Phú - Invest
VPH,Công ty Cổ phần Vạn Phát Hưng
VPG,Công ty Cổ phần Đầu tư Thương mại Xuất nhập khẩu Việt Phát
VPD,Công ty Cổ phần Phát triển Điện lực Việt Nam
VPC,Công ty Cổ phần Đầu tư và Phát triển Năng lượng Việt Nam
VPB,Ngân hàng Thương mại Cổ phần Việt Nam Thịnh Vượng
VPA,Công ty Cổ phần Vận tải Hóa dầu VP
VOS,Công ty Cổ phần Vận tải Biển Việt Nam
VOC,Tổng Công ty Công nghiệp Dầu thực vật Việt Nam - Công ty Cổ phần
VNZ,Công ty Cổ phần VNG
VNY,Công ty Cổ phần Thuốc thú y Trung ương I
VNX,Công ty Cổ phần Quảng cáo và Hội chợ Thương mại Vinexad
VNT,Công ty Cổ phần Giao nhận Vận tải Ngoại Thương
VNS,Công ty Cổ phần Ánh Dương Việt Nam
VNR,Tổng Công ty Cổ phần Tái bảo hiểm Quốc gia Việt Nam
VNP,Công ty Cổ phần Nhựa Việt Nam
VNM,Công ty Cổ phần Sữa Việt Nam
VNL,Công ty Cổ phần Logistics Vinalink
VNI,Công ty Cổ phần Đầu tư Bất động sản Việt Nam
VNH,Công ty Cổ phần Đầu tư Việt Việt Nhật
VNG,Công ty Cổ phần Du Lịch Thành Thành Công
VNF,Công ty Cổ phần Vinafreight
VNE,Tổng Công ty Cổ phần Xây dựng điện Việt Nam
VND,Công ty Cổ phần Chứng khoán VNDIRECT
VNC,Công ty Cổ phần Tập đoàn Vinacontrol
VNB,Công ty Cổ phần Sách Việt Nam
VNA,Công ty Cổ phần Vận tải biển Vinaship
VMT,Công ty Cổ phần Giao nhận Vận tải Miền Trung
VMS,Công ty Cổ phần Phát triển Hàng Hải
VMK,Công ty Cổ phần Vimarko
VMI,Công ty Cổ phần Khoáng sản và Đầu tư VISACO
VMG,Công ty Cổ phần Thương mại và Dịch vụ Dầu khí Vũng Tàu
VMD,Công ty Cổ phần Y Dược phẩm Vimedimex
VMC,Công ty Cổ phần VIMECO
VMA,Công ty Cổ phần Công nghiệp Ô tô - Vinacomin
VLW,Công ty Cổ phần Cấp nước Vĩnh Long
VLP,Công ty Cổ phần Công trình Công cộng Vĩnh Long
VLG,Công ty Cổ phần VIMC Logistics
VLF,Công ty Cổ phần Lương thực Thực phẩm Vĩnh Long
VLC,Tổng Công ty Chăn nuôi Việt Nam - Công ty Cổ phần
VLB,Công ty Cổ phần Xây dựng và Sản xuất Vật liệu Xây dựng Biên Hòa
VLA,Công ty Cổ phần Đầu tư và Phát triển Công nghệ Văn Lang
VKP,Công ty Cổ phần Nhựa Tân Hóa
VKD,Công ty Cổ phần Nước khoáng Khánh Hòa
VKC,Công ty Cổ phần VKC Holdings
VJC,Công ty Cổ phần Hàng không Vietjet
VIX,Công ty Cổ phần Chứng khoán VIX
VIW,Tổng công ty Đầu tư Nước và Môi trường Việt Nam - Công ty Cổ phần
VIT,Công ty Cổ phần Viglacera Tiên Sơn
VIS,Công ty Cổ phần Thép Việt Ý
VIR,Công ty Cổ phần Du lịch Quốc tế Vũng Tàu
VIP,Công ty Cổ phần Vận tải Xăng dầu VIPCO
VIN,Công ty Cổ phần Giao nhận Kho vận Ngoại thương Việt Nam
VIM,Công ty Cổ phần Khoáng sản Viglacera
VIH,Công ty Cổ phần Viglacera Hà Nội
VIG,Công ty Cổ phần Chứng khoán Đầu tư Tài chính Việt Nam
VIF,Tổng Công ty Lâm nghiệp Việt Nam - Công ty Cổ phần
VIE,Công ty Cổ phần Công nghệ Viễn thông VI TE CO
VID,Công ty Cổ phần Đầu tư Phát triển Thương mại Viễn Đông
VIC,Tập đoàn Vingroup - Công ty CP
VIB,Ngân hàng Thương mại Cổ phần Quốc tế Việt Nam
VHM,Công ty Cổ phần Vinhomes
VHL,Công ty Cổ phần Viglacera Hạ Long
VHI,
VHH,Công ty Cổ phần Đầu tư Kinh doanh nhà Thành Đạt
VHG,Công ty Cổ phần Đầu tư và Phát triển Việt Trung Nam
VHF,Công ty Cổ phần Xây dựng và Chế biến lương thực Vĩnh Hà
VHE,Công ty Cổ phần Dược liệu và Thực phẩm Việt Nam
VHD,Công ty Cổ phần Đầu tư phát triển nhà và đô thị VINAHUD
VHC,Công ty Cổ phần Vĩnh Hoàn
VGV,Tổng Công ty Tư vấn Xây dựng Việt Nam - CTCP
VGT,Tập đoàn Dệt May Việt Nam
VGS,Công ty Cổ phần Ống thép Việt - Đức VG PIPE
VGR,Công ty Cổ phần Cảng xanh VIP
VGP,Công ty Cổ phần Cảng Rau Quả
VGL,Công ty Cổ phần Mạ kẽm công nghiệp Vingal-Vnsteel
VGI,Tổng Công ty Cổ phần Đầu tư Quốc tế Viettel
VGG,Tổng Công Ty Cổ phần May Việt Tiến
VGC,Tổng Công ty Viglacera - Công ty Cổ phần
VFS,Công ty Cổ phần Chứng khoán Nhất Việt
VFR,Công ty Cổ phần Vận tải và Thuê tàu
VFG,Công ty Cổ phần Khử trùng Việt Nam
VFC,Công ty Cổ phần VINAFCO
VET,Công ty Cổ phần Thuốc Thú y Trung ương NAVETCO
VES,Công ty Cổ phần Đầu tư và Xây dựng Điện MÊ CA VNECO
VEF,Công ty Cổ phần Trung tâm Hội chợ Triển lãm Việt Nam
VEC,Tổng Công ty Cổ phần Điện tử và Tin học Việt Nam
VEA,Tổng Công ty Máy động lực và Máy nông nghiệp Việt Nam - CTCP
VE9,Công ty Cổ phần Đầu tư và Xây dựng VNECO 9
VE8,Công ty Cổ phần Xây dựng Điện Vneco 8
VE4,Công ty Cổ phần Xây dựng điện VNECO4
VE3,Công ty Cổ phần Xây dựng điện VNECO 3
VE2,Công ty Cổ phần Xây dựng Điện VNECO 2
VE1,Công ty Cổ phần Xây dựng điện VNECO 1
VDT,Công ty Cổ phần Lưới thép Bình Tây
VDS,Công ty Cổ phần Chứng khoán Rồng Việt
VDP,Công ty Cổ phần Dược phẩm Trung ương VIDIPHA
VDN,Công ty Cổ phần Vinatex Đà Nẵng
VDM,Công ty Cổ phần - Viện Nghiên cứu Dệt may
VDL,Công ty Cổ phần Thực phẩm Lâm Đồng
VDG,Công ty Cổ phần Vạn Đạt Group
VDB,Công ty Cổ phần Vận tải và Chế biến Than Đông Bắc
VCX,Công ty Cổ phần Xi măng Yên Bình
VCW,Công ty Cổ phần Đầu tư Nước sạch Sông Đà
VCT,Công ty Cổ phần Tư vấn Xây dựng Vinaconex
VCS,Công ty Cổ phần VICOSTONE
VCR,Công ty Cổ phần Đầu tư và Phát triển Du lịch Vinaconex
VCP,Công ty Cổ phần Xây dựng và Năng lượng VCP
VCM,Công ty Cổ phần BV Life
VCI,Công ty Cổ phần Chứng khoán Vietcap
VCG,Tổng Công ty Cổ phần Xuất nhập khẩu và Xây dựng Việt Nam
VCF,Công ty Cổ phần VinaCafé Biên Hòa
VCE,Công ty Cổ phần Xây lắp Môi trường
VCC,Công ty Cổ phần Vinaconex 25
VCB,Ngân hàng Thương mại Cổ phần Ngoại thương Việt Nam
VCA,Công ty Cổ phần Thép VICASA - VNSTEEL
VC9,Công ty Cổ phần Xây dựng số 9 - VC9
VC7,Công ty Cổ phần Tập đoàn BGI
VC6,Công ty cổ phần Xây dựng và Đầu tư Visicons
VC5,Công ty Cổ phần Xây dựng Số 5
VC3,Công ty Cổ phần Tập đoàn Nam Mê Kông
VC2,Công ty Cổ phần Đầu tư và Xây dựng VINA2
VC1,Công ty Cổ phần Xây dựng số 1
VBH,Công ty Cổ phần Điện tử Bình Hòa
VBG,Công ty Cổ phần Địa chất Việt Bắc - TKV
VBC,"Công ty Cổ phần Nhựa, Bao bì Vinh"
VBB,Ngân hàng Thương mại Cổ phần Việt Nam Thương Tín
VAV,Công ty Cổ phần VIWACO
VAT,Công ty Cổ phần VT Vạn Xuân
VAF,Công ty Cổ phần Phân lân nung chảy Văn Điển
VAB,Ngân hàng Thương mại Cổ phần Việt Á
V21,Công ty Cổ phần Vinaconex 21
V15,Công ty Cổ phần Xây dựng số 15
V12,Công ty Cổ phần Xây dựng số 12
V11,Công ty Cổ phần Xây dựng số 11
UXC,Công ty Cổ phần Chế biến Thủy sản Út Xi
USD,Công ty Cổ phần Công trình Đô thị Sóc Trăng
USC,Công ty Cổ phần Khảo sát và Xây dựng - USCO
UPH,Công ty Cổ phần Dược phẩm TW25
UPC,Công ty Cổ phần Phát triển Công viên Cây xanh và Đô thị Vũng Tàu
UNI,Công ty Cổ phần Đầu tư và Phát triển Sao Mai Việt
UMC,Công ty Cổ phần Công trình đô thị Nam Định
UIC,Công ty Cổ phần Đầu tư Phát triển Nhà và Đô thị IDICO
UEM,Công ty Cổ phần Cơ điện Uông Bí - Vinacomin
UDL,Công ty Cổ phần Đô thị và Môi trường Đắk Lắk
UDJ,Công ty Cổ phần Phát triển Đô thị
UDC,Công ty Cổ phần Xây dựng và Phát triển đô thị Tỉnh Bà Rịa - Vũng Tàu
UCT,Công ty Cổ phần Đô thị Cần Thơ
TYA,Công ty Cổ phần Dây và Cáp điện Taya Việt Nam
TXM,Công ty Cổ phần VICEM Thạch cao Xi Măng
TW3,Công ty Cổ phần Dược Trung Ương 3
TVW,Công ty Cổ phần Cấp thoát nước Trà Vinh
TVT,Tổng Công ty Việt Thắng - CTCP
TVS,Công ty Cổ phần Chứng khoán Thiên Việt
TVP,Công ty Cổ phần Dược phẩm TV.Pharm
TVN,Tổng Công ty Thép Việt Nam - Công ty Cổ phần
TVM,Công ty Cổ phần Tư vấn đầu tư Mỏ và công nghiệp - Vinacomin
TVH,Công ty Cổ phần Tư vấn Xây dựng công trình Hàng hải
TVG,Công ty Cổ phần Tư vấn Đầu tư và Xây dựng Giao thông Vận tải
TVD,Công ty Cổ phần Than Vàng Danh - Vinacomin
TVC,Công ty Cổ phần Tập đoàn Quản lý Tài sản Trí Việt
TVB,Công ty Cổ phần Chứng khoán Trí Việt
TVA,Công ty cổ phần Sứ Viglacera Thanh Trì
TV6,Công ty Cổ phần Tập đoàn EMA LAND
TV4,Công ty Cổ phần Tư vấn Xây dựng Điện 4
TV3,Công ty Cổ phần Tư vấn Xây dựng Điện 3
TV2,Công ty Cổ phần Tư vấn Xây dựng Điện 2
TV1,Công ty Cổ phần Tư vấn Xây dựng Điện 1
TUG,Công ty Cổ phần Lai dắt và Vận tải Cảng Hải Phòng
TTZ,Công ty Cổ phần Đầu tư Xây dựng và Công nghệ Tiến Trung
TTT,Công ty Cổ phần Du Lịch - Thương Mại Tây Ninh
TTS,Công ty Cổ phần Cán thép Thái Trung
TTP,Công ty Cổ phần Bao bì Tân Tiến
TTN,Công ty Cổ phần Công nghệ & Truyền thông Việt Nam
TTL,Tổng Công ty Thăng Long - Công ty Cổ phần
TTH,Công ty Cổ phần Thương mại và Dịch vụ Tiến Thành
TTG,Công ty Cổ phần May Thanh Trì
TTF,Công ty Cổ phần Tập đoàn Kỹ nghệ Gỗ Trường Thành
TTE,Công ty Cổ phần Đầu tư Năng lượng Trường Thịnh
TTD,Công ty Cổ phần Bệnh viện Tim Tâm Đức
TTC,Công ty Cổ phần Gạch men Thanh Thanh
TTB,Công ty Cổ phần TTBGROUP
TTA,Công ty Cổ phần Đầu tư Xây dựng và Phát triển Trường Thành
TT6,Công ty Cổ Phần Tập Đoàn Tiến Thịnh
TST,Công ty Cổ phần Dịch vụ Kỹ thuật Viễn thông
TSJ,Công ty Cổ phần Du lịch Dịch vụ Hà Nội
TSG,Công ty Cổ phần Thông tin Tín hiệu Đường sắt Sài Gòn
TSD,Công ty Cổ phần Du lịch Trường Sơn Coecco
TSC,Công ty Cổ phần Vật tư Kỹ thuật Nông nghiệp Cần Thơ
TSB,Công ty Cổ phần Ắc quy Tia Sáng
TSA,Công ty Cổ Phần Đầu Tư Và Xây Lắp Trường Sơn
TS5,
TS4,Công ty Cổ phần Thủy sản số 4
TS3,Công ty Cổ phần Trường Sơn 532
TRT,Công ty Cổ phần RedstarCera
TRS,Công ty Cổ phần Vận tải và Dịch vụ Hàng Hải
TRC,Công ty Cổ phần Cao su Tây Ninh
TRA,Công ty Cổ phần Traphaco
TR1,Công ty Cổ phần Vận Tải 1 Traco
TQW,Công ty Cổ phần Cấp thoát nước Tuyên Quang
TQN,Công ty Cổ phần Thông Quảng Ninh
TPS,Công ty Cổ phần Bến bãi vận tải Sài Gòn
TPP,Công ty Cổ phần Tân Phú Việt Nam
TPH,Công ty Cổ phần In Sách giáo khoa tại Thành phố Hà Nội
TPC,Công ty Cổ phần Nhựa Tân Đại Hưng
TPB,Ngân hàng Thương mại Cổ phần Tiên Phong
TOW,Công ty Cổ phần Cấp nước Trà Nóc - Ô Môn
TOT,Công ty Cổ phần Transimex Logistics
TOS,Công ty Cổ phần Dịch vụ biển Tân Cảng
TOP,Công ty Cổ phần Phân phối Top One
TNW,Công ty Cổ phần Nước sạch Thái Nguyên
TNV,Công ty Cổ phần Thống Nhất Hà Nội
TNT,Công ty Cổ phần Tập đoàn TNT
TNS,Công ty Cổ phần Thép tấm lá Thống Nhất
TNP,Công ty Cổ phần Cảng Thị Nại
TNM,Công ty Cổ phần Xuất nhập khẩu và Xây dựng Công trình
TNI,Công ty Cổ phần Tập đoàn Thành Nam
TNH,Công ty Cổ phần Tập đoàn Bệnh viện TNH
TNG,Công ty Cổ phần Đầu tư và Thương mại TNG
TNC,Công ty Cổ phần Cao su Thống Nhất
TNB,Công ty Cổ phần Thép Nhà Bè - VNSTEEL
TNA,Công ty Cổ phần Thương mại Xuất nhập khẩu Thiên Nam
TN1,Công ty Cổ phần Rox Key Holdings
TMX,Công ty Cổ phần VICEM Thương mại Xi măng
TMW,Công ty Cổ phần Tổng hợp Gỗ Tân Mai
TMT,Công ty Cổ phần Ô tô TMT
TMS,Công ty Cổ phần Transimex
TMP,Công ty Cổ phần Thủy điện Thác Mơ
TMG,Công ty Cổ phần Kim loại màu Thái Nguyên - Vimico
TMC,Công ty Cổ phần Thương mại Xuất nhập khẩu Thủ Đức
TMB,Công ty Cổ phần Kinh doanh Than Miền Bắc - Vinacomin
TLT,Công ty Cổ phần Viglacera Thăng Long
TLP,Tổng Công ty Thương mại Xuất nhập khẩu Thanh Lễ - CTCP
TLI,Công ty Cổ phần May Quốc tế Thắng Lợi
TLH,Công ty Cổ phần Tập đoàn Thép Tiến Lên
TLG,Công ty Cổ phần Tập đoàn Thiên Long
TLD,Công ty Cổ phần Đầu tư Xây dựng và Phát triển Đô thị Thăng Long
TL4,Tổng Công ty Xây dựng Thủy lợi 4 - Công ty Cổ phần
TKU,Công ty Cổ phần Công nghiệp Tung Kuang
TKG,Công ty Cổ phần Sản xuất và Thương mại Tùng Khánh
TKC,Công ty Cổ phần Xây dựng và Kinh doanh Địa ốc Tân Kỷ
TKA,Công ty Cổ phần Bao bì Tân Khánh An
TJC,Công ty Cổ phần Dịch vụ Vận tải và Thương mại
TIX,Công ty Cổ phần Sản xuất Kinh doanh Xuất nhập khẩu Dịch vụ và Đầu tư Tân Bình
TIS,Công ty Cổ phần Gang thép Thái Nguyên
TIP,Công ty Cổ phần Phát triển Khu công nghiệp Tín Nghĩa
TIN,Công ty Tài chính Cổ phần Tín Việt
TIG,Công ty Cổ phần Tập đoàn Đầu tư Thăng Long
TIE,Công ty Cổ phần TIE
TID,Công ty Cổ phần Tổng Công ty Tín Nghĩa
THW,Công ty Cổ phần Cấp nước Tân Hòa
THU,Công ty Cổ phần Môi trường và Công trình đô thị Thanh Hóa
THT,Công ty Cổ phần Than Hà Tu - Vinacomin
THS,Công ty Cổ phần Thanh Hoa Sông Đà
THP,Công ty Cổ phần Thủy sản và Thương mại Thuận Phước
THN,Công ty Cổ phần Cấp nước Thanh Hóa
THM,Công ty Cổ phần Tứ Hải Hà Nam
THI,Công ty Cổ phần Thiết bị điện
THG,Công ty Cổ phần Đầu tư và Xây dựng Tiền Giang
THD,Công ty Cổ phần Thaiholdings
THB,Công ty Cổ phần Bia Hà Nội - Thanh Hóa
TH1,Công ty Cổ phần Xuất nhập khẩu Tổng hợp I Việt Nam
TGP,Công ty Cổ phần Trường Phú
TGG,Công ty Cổ phần The Golden Group
TFC,Công ty Cổ phần Trang
TET,Công ty Cổ phần Vải sợi May mặc Miền Bắc
TEL,Công ty Cổ phần Phát triển Công trình Viễn thông
TEG,Công ty Cổ phần Năng Lượng và Bất động sản Trường Thành
TED,Tổng Công ty Tư vấn Thiết kế Giao thông Vận tải - CTCP
TEC,Công ty Cổ phần Traenco
TDW,Công ty Cổ phần Cấp nước Thủ Đức
TDT,Công ty Cổ phần Đầu tư và Phát triển TDT
TDS,Công ty Cổ phần Thép Thủ Đức - VNSTEEL
TDP,Công ty Cổ phần Thuận Đức
TDN,Công ty Cổ phần Than Đèo Nai - Vinacomin
TDM,Công ty Cổ phần Nước Thủ Dầu Một
TDI,Công ty Cổ phần Tập đoàn TDI 
TDH,Công ty Cổ phần Phát triển Nhà Thủ Đức
TDG,Công ty Cổ phần Đầu tư TDG Global
TDF,Công ty Cổ phần Trung Đô
TDC,Công ty Cổ phần Kinh doanh và Phát triển Bình Dương
TDB,Công ty Cổ phần Thủy điện Định Bình
TCW,Công ty Cổ phần Kho Vận Tân Cảng
TCT,Công ty Cổ phần Cáp treo Núi Bà Tây Ninh
TCR,Công ty Cổ phần Công nghiệp Gốm sứ TAICERA
TCO,Công ty Cổ phần TCO Holdings
TCM,Công ty Cổ phần Dệt may - Đầu tư - Thương mại Thành Công
TCL,Công ty Cổ phần Đại lý Giao nhận Vận tải Xếp dỡ Tân Cảng
TCK,Tổng Công ty Cơ khí Xây dựng - CTCP
TCJ,Công ty Cổ phần Tô Châu
TCI,Công ty Cổ phần Chứng khoán Thành Công
TCH,Công ty Cổ phần Đầu tư Dịch vụ Tài chính Hoàng Huy
TCD,Công ty cổ phần Tập đoàn Xây dựng Tracodi
TCB,Ngân hàng Thương mại Cổ phần Kỹ thương Việt Nam
TC6,Công ty Cổ phần Than Cọc Sáu - Vinacomin
TBX,Công ty Cổ phần Xi măng Thái Bình
TBW,Công ty cổ phần Nước sạch Thái Bình
TBT,Công ty Cổ phần Xây dựng Công trình Giao thông Bến Tre
TBR,Công ty Cổ phần Địa ốc Tân Bình
TBH,Công ty Cổ phần Tổng Bách Hóa
TBD,Tổng công ty Thiết bị điện Đông Anh - Công ty Cổ phần
TBC,Công ty Cổ phần Thủy điện Thác Bà
TB8,Công ty Cổ phần Sản xuất và Kinh doanh Vật tư Thiết bị - VVMI
TAW,Công ty Cổ phần Cấp nước Trung An
TAR,Công ty Cổ phần Nông nghiệp Công nghệ cao Trung An
TAP,Công ty Cổ phần Đô thị Tân An
TAN,Công ty Cổ phần Cà phê Thuận An
TAL,Công Ty Cổ Phần Đầu Tư Bất Động Sản Taseco
TAG,Công ty Cổ phần Thế giới số Trần Anh
TAC,Công ty Cổ phần Dầu Thực vật Tường An
TAB,Công ty Cổ phần Freco Việt Nam
TA9,Công ty Cổ phần Xây lắp Thành An 96
TA6,Công ty Cổ phần Đầu tư và Xây lắp Thành An 665
TA3,Công ty cổ phần Đầu tư và Xây lắp Thành An 386
T12,
SZL,Công ty Cổ phần Sonadezi Long Thành
SZG,Công ty Cổ phần Sonadezi Giang Điền
SZE,Công ty Cổ phần Môi trường Sonadezi
SZC,Công ty Cổ phần Sonadezi Châu Đức
SZB,Công ty Cổ phần Sonadezi Long Bình
SWC,Tổng Công ty Cổ phần Đường Sông Miền Nam
SVT,Công ty Cổ phần Công nghệ Sài Gòn Viễn Đông
SVN,Công ty Cổ phần Tập đoàn Vexilla Việt Nam
SVL,
SVI,Công ty Cổ phần Bao bì Biên Hòa
SVH,Công ty Cổ phần Thủy điện Sông Vàng
SVG,Công ty Cổ phần Hơi kỹ nghệ Que hàn
SVD,Công ty Cổ phần Đầu tư & Thương mại Vũ Đăng
SVC,Công ty Cổ phần Dịch vụ tổng hợp Sài Gòn
STW,Công ty Cổ phần Cấp nước Sóc Trăng
STT,Công ty Cổ phần Vận chuyển Sài Gòn Tourist
STS,Công ty Cổ phần Dịch vụ vận tải Sài Gòn
STP,Công ty Cổ phần Công nghiệp Thương mại Sông Đà
STL,Công ty Cổ phần Sông Đà - Thăng Long
STK,Công ty Cổ phần Sợi Thế Kỷ
STH,Công ty Cổ phần Phát hành sách Thái Nguyên
STG,Công ty Cổ phần Kho Vận Miền Nam
STC,Công ty Cổ phần Sách và Thiết bị trường học Thành phố Hồ Chí Minh
STB,Ngân hàng Thương mại Cổ phần Sài Gòn Thương Tín
ST8,Công ty Cổ phần Tập đoàn ST8
SSU,Công ty Cổ phần Môi trường Đô thị Sóc Sơn
SSN,Công ty Cổ phần Xuất nhập khẩu Thủy sản Sài Gòn
SSM,Công ty Cổ phần Chế tạo kết cấu thép VNECO.SSM
SSI,Công ty Cổ phần Chứng khoán SSI
SSH,Công ty Cổ phần Phát triển Sunshine Homes
SSG,Công ty Cổ phần Vận tải Biển Hải Âu
SSF,Công ty Cổ phần Giáo dục G Sài Gòn
SSC,Công ty Cổ phần Giống cây trồng Miền Nam
SSB,Ngân hàng Thương mại Cổ phần Đông Nam Á
SRT,Công ty Cổ phần Vận tải Đường sắt Sài Gòn
SRF,Công ty Cổ phần Searefico
SRC,Công ty Cổ phần Cao su Sao Vàng
SRB,Công ty Cổ phần Tập đoàn Sara
SRA,Công ty Cổ phần SARA Việt Nam
SQC,Công ty Cổ phần Khoáng sản Sài Gòn - Quy Nhơn
SPV,Công ty Cổ phần Thủy Đặc Sản
SPP,Công ty Cổ phần Bao bì Nhựa Sài Gòn
SPM,Công ty Cổ phần S.P.M
SPI,Công ty Cổ phần Spiral Galaxy
SPH,Công ty Cổ phần Xuất Nhập khẩu Thủy sản Hà Nội
SPD,Công ty Cổ phần Xuất nhập khẩu Thủy sản Miền Trung
SPC,Công ty Cổ phần Bảo vệ Thực vật Sài Gòn
SPB,Công ty Cổ phần Sợi Phú Bài
SPA,Công ty Cổ phần Bao bì Sài Gòn
SP2,Công ty Cổ phần Thủy điện Sử Pán 2
SON,
SNZ,Tổng Công ty Cổ phần Phát triển Khu Công nghiệp
SNC,Công ty Cổ phần Xuất nhập khẩu Thủy sản Năm Căn
SMT,Công ty Cổ phần SAMETEL
SMN,Công ty Cổ phần Sách và thiết bị giáo dục Miền Nam
SMC,Công ty Cổ phần Đầu tư Thương mại SMC
SMB,Công ty Cổ phần Bia Sài Gòn - Miền Trung
SMA,Công ty Cổ phần Thiết bị Phụ tùng Sài Gòn
SLS,Công ty Cổ phần Mía đường Sơn La
SKV,Công ty Cổ phần Nước Giải khát Yến sào Khánh Hòa
SKN,Công ty Cổ phần Nước giải khát Sanna Khánh Hòa
SKH,Công ty Cổ phần Nước giải khát Sanest Khánh Hòa
SKG,Công ty Cổ phần Tàu Cao tốc Superdong - Kiên Giang
SJS,Công ty Cổ phần SJ Group
SJM,Công ty Cổ phần Sông Đà 19
SJG,Tổng Công ty Sông Đà
SJF,Công ty Cổ phần Đầu tư Sao Thái Dương
SJE,Công ty Cổ phần Sông Đà 11
SJD,Công ty Cổ phần Thủy điện Cần Đơn
SJC,Công ty Cổ phần Sông Đà 1.01
SJ1,Công ty Cổ phần Nông nghiệp Hùng Hậu
SIV,Công ty Cổ phần SIVICO
SIP,Công ty Cổ phần Đầu tư Sài Gòn VRG
SII,Công ty Cổ phần Hạ tầng Nước Sài Gòn
SIG,Công ty Cổ phần Đầu tư và Thương mại Sông Đà
SID,Công ty Cổ phần Đầu tư Phát triển Sài Gòn Co.op
SIC,Công ty Cổ phần ANI
SHX,Công ty Cổ phần Sài Gòn Hỏa xa
SHS,Công ty Cổ phần Chứng khoán Sài Gòn - Hà Nội
SHP,Công ty Cổ phần Thủy điện Miền Nam
SHN,Công ty Cổ phần Đầu tư Tổng hợp Hà Nội
SHI,Công ty Cổ phần Quốc tế Sơn Hà
SHG,Tổng Công ty Cổ phần Sông Hồng
SHE,Công ty Cổ phần Phát triển Năng Lượng Sơn Hà
SHC,Công ty Cổ phần Hàng hải Sài Gòn
SHB,Ngân hàng Thương mại Cổ phần Sài Gòn – Hà Nội
SHA,Công ty Cổ phần Sơn Hà Sài Gòn
SGT,Công ty Cổ phần Công nghệ Viễn thông Sài Gòn
SGS,Công ty Cổ phần Vận tải biển Sài Gòn
SGR,Công ty Cổ phần Tổng Công ty Cổ phần Địa ốc Sài Gòn
SGP,Công ty Cổ phần Cảng Sài Gòn
SGO,Công ty Cổ phần Dầu thực vật Sài Gòn
SGN,Công ty Cổ phần Phục vụ mặt đất Sài Gòn
SGI,Công ty Cổ phần Đầu tư phát triển Sài Gòn 3 Group
SGH,Công ty Cổ phần Khách sạn Sài Gòn
SGD,Công ty Cổ phần Sách Giáo dục tại Thành phố Hồ Chí Minh
SGC,Công ty Cổ phần Xuất nhập khẩu Sa Giang
SGB,Ngân hàng Thương mại Cổ phần Sài Gòn Công thương
SFN,Công ty Cổ phần Dệt lưới Sài Gòn
SFI,Công ty Cổ phần Đại lý Vận tải SAFI
SFG,Công ty Cổ phần Phân bón Miền Nam
SFC,Công ty Cổ phần Nhiên liệu Sài Gòn
SEP,Công ty Cổ phần Tổng Công ty Thương mại Quảng Trị
SED,Công ty Cổ phần Đầu tư và Phát triển Giáo dục Phương Nam
SEB,Công ty Cổ phần Đầu tư và Phát triển Điện Miền Trung
SEA,Tổng Công ty Thủy sản Việt Nam - Công ty Cổ phần
SDY,Công ty Cổ phần Xi măng Sông Đà Yaly
SDX,Công ty Cổ phần Phòng cháy chữa cháy và Đầu tư Xây dựng Sông Đà
SDV,Công ty Cổ phần Dịch vụ Sonadezi
SDU,Công ty Cổ phần Đầu tư Xây dựng và Phát triển Đô thị Sông Đà
SDT,Công ty Cổ phần Sông Đà 10
SDP,Công ty Cổ phần SDP
SDN,Công ty Cổ phần Sơn Đồng Nai
SDK,Công ty Cổ phần Cơ khí Luyện Kim
SDJ,Công ty Cổ phần Sông Đà 25
SDH,Công ty Cổ phần Xây dựng hạ tầng Sông Đà
SDG,Công ty Cổ phần Sadico Cần Thơ
SDD,Công ty Cổ phần Đầu tư và Xây lắp Sông Đà
SDC,Công ty Cổ phần Tư vấn Sông Đà
SDB,Công ty Cổ phần Sông Đà 207
SDA,Công ty Cổ phần SIMCO Sông Đà
SD9,Công ty Cổ phần Sông Đà 9
SD8,Công ty Cổ phần Sông Đà 8
SD7,Công ty Cổ phần Sông Đà 7
SD6,Công ty Cổ phần Sông Đà 6
SD5,Công ty Cổ phần Sông Đà 5
SD4,Công ty Cổ phần Sông Đà 4
SD3,Công ty Cổ phần Sông Đà 3
SD2,Công ty Cổ phần Sông Đà 2
SD1,Công ty Cổ phần Sông Đà 1
SCY,Công ty Cổ phần Đóng tàu Sông Cấm
SCV,Công ty Cổ phần Muối Việt Nam
SCS,Công ty Cổ phần Dịch vụ Hàng hóa Sài Gòn
SCR,Công ty Cổ phần Địa Ốc Sài Gòn Thương Tín
SCO,Công ty Cổ phần Công nghiệp Thủy sản
SCL,Công ty Cổ phần Sông Đà Cao Cường
SCJ,Công ty Cổ phần Xi măng Sài Sơn
SCI,Công ty Cổ phần SCI E&C
SCG,Công ty Cổ phần Tập đoàn Xây dựng SCG
SCD,Công ty Cổ phần Nước giải khát Chương Dương
SCC,Công ty Cổ phần Thương mại Đầu tư SHB
SCA,Công ty Cổ phần Nông nghiệp Sông Con
SC5,Công ty Cổ phần Xây dựng số 5
SBV,Công ty Cổ phần Siam Brothers Việt Nam
SBT,Công ty Cổ phần Thành Thành Công - Biên Hòa
SBS,Công ty Cổ phần Chứng khoán SBS
SBR,Công ty Cổ phần Cao su Sông Bé
SBM,Công ty Cổ phần Đầu tư phát triển Bắc Minh
SBL,Công ty Cổ phần Bia Sài Gòn - Bạc Liêu
SBH,Công ty Cổ phần Thủy điện Sông Ba Hạ
SBG,Công ty Cổ Phần Tập Đoàn Cơ Khí Công Nghệ Cao Siba
SBD,Công ty Cổ phần Công nghệ Sao Bắc Đẩu
SBB,Công ty cổ phần Tập đoàn Bia Sài Gòn Bình Tây
SBA,Công ty Cổ phần Sông Ba
SB1,Công ty Cổ phần Bia Sài Gòn - Nghệ Tĩnh
SAV,Công ty Cổ phần Hợp tác Kinh tế và Xuất nhập khẩu Savimex
SAS,Công ty Cổ phần Dịch vụ Hàng không Sân bay Tân Sơn Nhất
SAP,Công ty Cổ phần In Sách Giáo khoa TP.Hồ Chí Minh
SAM,Công ty Cổ phần SAM Holdings
SAL,Công ty Cổ phần Trục vớt Cứu hộ Việt Nam
SAF,Công ty Cổ phần Lương thực Thực phẩm SAFOCO
SAC,Công ty Cổ phần Xếp dỡ và Dịch vụ cảng Sài Gòn
SAB,Tổng Công ty Cổ phần Bia - Rượu - Nước Giải khát Sài Gòn
S99,Công ty Cổ phần SCI
S96,Công ty Cổ phần Sông Đà 9.06
S74,Công ty Cổ phần Sông Đà 7.04
S72,Công ty Cổ phần Sông Đà 7.02
S55,Công ty Cổ phần Sông Đà 505
S4A,Công ty Cổ phần Thủy điện Sê San 4A
S27,Công ty Cổ phần Sông Đà 27
S12,Công ty Cổ phần Sông Đà 12
RYG,Công ty Cổ phần Sản xuất và Đầu tư Hoàng Gia
RTB,Công ty Cổ phần Cao su Tân Biên
ROS,Công ty Cổ phần Xây dựng FLC FAROS
RIC,Công ty Cổ phần Quốc Tế Hoàng Gia
RGC,Công ty Cổ phần Đầu tư PV-Inconess
REE,Công ty Cổ phần Cơ điện Lạnh
RDP,Công ty Cổ phần Rạng Đông Holding
RCL,Công ty Cổ phần Địa ốc Chợ Lớn
RCD,Công ty Cổ phần Xây dựng - Địa ốc Cao su
RCC,Công ty Cổ phần Tổng Công ty Công trình Đường sắt
RBC,Công ty Cổ phần Công Nghiệp và Xuất nhập khẩu Cao Su
RAT,Công ty Cổ phần Vận tải và Thương mại Đường sắt
RAL,Công ty Cổ phần Bóng đèn Phích nước Rạng Đông
QTP,Công ty Cổ phần Nhiệt điện Quảng Ninh
QTC,Công ty Cổ phần Công trình Giao thông Vận tải Quảng Nam
QST,Công ty Cổ phần Sách và Thiết bị trường học Quảng Ninh
QSP,Công ty Cổ phần Tân cảng Quy Nhơn
QPH,Công ty Cổ phần Thủy điện Quế Phong
QNW,Công ty Cổ phần Cấp thoát nước và xây dựng Quảng Ngãi
QNU,Công ty Cổ phần Môi trường Đô thị Quảng Nam
QNT,Công ty Cổ phần Tư vấn và Đầu tư Phát triển Quảng Nam
QNS,Công ty Cổ phần Đường Quảng Ngãi
QNP,Công ty Cổ phần Cảng Quy Nhơn
QNC,Công ty Cổ phần Xi măng và Xây dựng Quảng Ninh
QLT,Công ty Cổ phần Quản lý Bảo trì Đường thủy Nội địa số 10
QLD,Công ty Cổ phần Quản lý và Xây dựng Giao thông Lạng Sơn
QHW,Công ty Cổ phần Nước khoáng Quảng Ninh
QHD,Công ty Cổ phần Que hàn điện Việt Đức
QCG,Công ty Cổ phần Quốc Cường Gia Lai
QCC,Công ty Cổ phần Đầu tư Xây dựng và Phát triển Hạ tầng Viễn Thông
QBS,Công ty Cổ phần Xuất nhập khẩu Quảng Bình
PYU,Công ty Cổ phần Môi trường và Công trình đô thị Phúc Yên
PXT,Công ty Cổ phần Xây lắp Đường ống Bể chứa Dầu khí
PXS,Công ty Cổ phần Kết cấu Kim loại và Lắp máy Dầu khí
PXM,Công ty Cổ phần Xây lắp Dầu khí Miền Trung
PXL,Công ty Cổ phần Đầu tư Khu Công Nghiệp Dầu khí Long Sơn
PXI,Công ty Cổ phần Xây dựng Công nghiệp và Dân dụng Dầu khí
PXC,Công ty Cổ phần Phát triển Đô thị Dầu khí
PXA,Công ty Cổ phần Đầu tư và Thương mại Dầu khí Nghệ An
PX1,Công ty Cổ phần Xi măng Sông Lam 2
PWS,Công ty Cổ phần Cấp thoát nước Phú Yên
PWA,Công ty Cổ phần Bất động sản dầu khí
PVY,Công ty Cổ phần Chế tạo Giàn khoan Dầu khí
PVX,Tổng Công ty Cổ phần Xây lắp Dầu khí Việt Nam
PVV,Công ty Cổ phần Vinaconex 39
PVT,Tổng Công ty Cổ phần Vận tải Dầu khí
PVS,Tổng Công ty Cổ phần Dịch vụ Kỹ thuật Dầu khí Việt Nam
PVR,Công ty Cổ phần Đầu tư PVR Hà Nội
PVP,Công ty Cổ phần Vận tải Dầu khí Thái Bình Dương
PVO,Công ty Cổ phần Dầu nhờn PV Oil
PVM,Công ty Cổ phần Máy - Thiết bị Dầu khí
PVL,Công ty Cổ phần Đầu tư Nhà Đất Việt
PVI,Công ty Cổ phần PVI
PVH,Công ty Cổ phần Xây lắp Dầu khí Thanh Hóa
PVG,Công ty Cổ phần Kinh doanh LPG Việt Nam
PVE,Tổng Công ty Tư vấn Thiết kế Dầu khí - Công ty Cổ phần
PVD,Tổng Công ty Cổ phần Khoan và Dịch vụ khoan Dầu khí
PVC,Tổng Công ty Hóa chất và Dịch vụ Dầu khí - Công ty Cổ phần
PVB,Công ty Cổ phần Bọc ống Dầu khí Việt Nam
PVA,Công ty Cổ phần Tổng Công ty Xây lắp Dầu khí Nghệ An
PV2,Công ty Cổ phần Đầu tư PV2
PTX,Công ty Cổ phần Vận tải và Dịch vụ Petrolimex Nghệ Tĩnh
PTV,Công ty Cổ phần Thương mại Dầu khí
PTT,Công ty Cổ phần Vận tải Dầu khí Đông Dương
PTS,Công ty Cổ phần Vận tải và Dịch vụ Petrolimex Hải Phòng
PTP,Công ty Cổ phần PTP
PTO,Công ty Cổ phần Dịch vụ - Xây dựng Công trình Bưu điện
PTN,Công ty Cổ phần Phát triển Nhà Khánh Hòa
PTL,Công ty Cổ phần Victory Group
PTI,Tổng Công ty Cổ phần Bảo hiểm Bưu điện
PTH,Công ty Cổ phần Vận tải và Dịch vụ Petrolimex Hà Tây
PTG,Công ty Cổ phần May Xuất Khẩu Phan Thiết
PTE,Công ty Cổ phần Xi măng Phú Thọ
PTD,Công ty Cổ phần Thiết kế - Xây dựng - Thương mại Phúc Thịnh
PTC,Công ty Cổ phần Đầu tư ICAPITAL
PTB,Công ty Cổ phần Phú Tài
PSW,Công ty Cổ phần Phân bón và hóa chất dầu khí Tây Nam Bộ
PSP,Công ty Cổ phần Cảng Dịch vụ Dầu khí Đình Vũ
PSN,Công ty Cổ phần Dịch vụ Kỹ thuật PTSC Thanh Hóa
PSL,Công ty Cổ phần Chăn nuôi Phú Sơn
PSI,Công ty Cổ phần Chứng khoán Dầu khí
PSH,Công ty Cổ phần Thương mại Đầu tư Dầu khí Nam Sông Hậu
PSG,Công ty Cổ phần Đầu tư và Xây lắp Dầu khí Sài Gòn
PSE,Công ty Cổ phần Phân bón và hóa chất dầu khí Đông Nam Bộ
PSD,Công ty Cổ phần Dịch vụ Phân phối Tổng hợp Dầu khí
PSC,Công ty Cổ phần Vận tải và Dịch vụ Petrolimex Sài Gòn
PSB,Công ty Cổ phần Đầu tư Dầu khí Sao Mai Bến Đình
PRT,Tổng Công ty Sản xuất - Xuất nhập khẩu Bình Dương - Công ty cổ phần
PRO,Công ty Cổ phần Procimex Việt Nam
PRE,Tổng Công ty Cổ phần Tái bảo hiểm Hà Nội
PRC,Công ty Cổ phần Logistics Portserco
PQN,Công ty Cổ phần Dịch vụ Dầu khí Quảng Ngãi PTSC
PPY,Công ty Cổ phần Xăng dầu dầu khí Phú Yên
PPT,Công ty cổ phần Petro Times
PPS,Công ty Cổ phần Dịch vụ Kỹ thuật Điện lực Dầu khí Việt Nam
PPP,Công ty Cổ phần Dược phẩm Phong Phú
PPI,Công ty Cổ phần Đầu tư và Phát triển dự án hạ tầng Thái Bình Dương
PPH,Tổng Công ty Cổ phần Phong Phú
PPE,Công ty Cổ phần Tư vấn Đầu tư PP Enterprise
PPC,Công ty Cổ phần Nhiệt điện Phả Lại
POW,Tổng Công ty Điện lực Dầu khí Việt Nam - CTCP
POV,Công ty Cổ phần Xăng dầu Dầu khí Vũng Áng
POT,Công ty Cổ phần Thiết bị Bưu điện
POS,"Công ty Cổ phần Dịch vụ lắp đặt, vận hành và bảo dưỡng công trình dầu khí biển PTSC"
POM,Công ty Cổ phần Thép Pomina
POB,Công ty Cổ phần Xăng dầu Dầu khí Thái Bình
PNT,Công ty Cổ phần Kỹ thuật Xây dựng Phú Nhuận
PNP,Công ty Cổ phần Tân Cảng – Phú Hữu
PNJ,Công ty Cổ phần Vàng bạc Đá quý Phú Nhuận
PNG,Công ty Cổ phần Thương Mại Phú Nhuận
PND,Công ty Cổ phần Xăng dầu Dầu khí Nam Định
PNC,Công ty Cổ phần Văn hóa Phương Nam
PMW,Công ty Cổ phần Cấp Nước Phú Mỹ
PMT,Công ty Cổ phần Viễn thông Telvina Việt Nam
PMS,Công ty Cổ phần Cơ khí Xăng dầu
PMP,Công ty Cổ phần Bao bì Đạm Phú Mỹ
PMJ,Công ty Cổ phần Vật tư Bưu điện
PMG,Công ty Cổ phần Đầu tư và Sản xuất Petro Miền Trung
PMC,Công ty Cổ phần Dược phẩm Dược liệu Pharmedic
PMB,Công ty Cổ phần Phân bón và Hóa chất Dầu khí Miền Bắc
PLX,Tập đoàn Xăng dầu Việt Nam
PLP,Công ty Cổ phần Sản xuất và Công nghệ Nhựa Pha Lê
PLO,Công ty Cổ phần Kho vận Petec
PLE,Công ty Cổ phần Tư vấn Xây dựng Petrolimex
PLC,Tổng Công ty Hóa dầu Petrolimex - Công ty Cổ phần
PLA,Công ty Cổ phần Đầu tư và Dịch vụ hạ tầng Xăng dầu
PJT,Công ty Cổ phần Vận tải Xăng dầu đường thủy Petrolimex
PJS,Công ty Cổ phần Cấp nước Phú Hòa Tân
PJC,Công ty Cổ phần Thương mại và Vận tải Petrolimex Hà Nội
PIV,Công ty Cổ phần PIV
PIT,Công ty Cổ phần Xuất nhập khẩu Petrolimex
PIS,Tổng Công ty Pisico Bình Định - Công ty Cổ phần
PID,Công ty Cổ phần Trang trí nội thất Dầu khí
PIC,Công ty Cổ phần Đầu tư Điện lực 3
PIA,Công ty Cổ phần Tin học Viễn thông Petrolimex
PHS,Công ty Cổ phần Chứng khoán Phú Hưng
PHR,Công ty Cổ phần Cao su Phước Hòa
PHP,Công ty Cổ phần Cảng Hải Phòng
PHN,Công ty Cổ phần Pin Hà Nội
PHH,Công ty Cổ phần Hồng Hà Việt Nam
PHC,Công ty Cổ phần Xây dựng Phục Hưng Holdings
PGV,Tổng Công ty Phát điện 3 - Công ty Cổ phần
PGT,Công ty Cổ phần PGT Holdings
PGS,Công ty Cổ phần Kinh doanh Khí Miền Nam
PGN,Công ty Cổ phần Phụ Gia Nhựa
PGI,Tổng Công ty Cổ phần Bảo hiểm Petrolimex
PGD,Công ty Cổ phần Phân phối khí thấp áp dầu khí Việt Nam
PGC,Tổng Công ty Gas Petrolimex - Công ty Cổ phần
PGB,Ngân hàng Thương mại Cổ phần Thịnh vượng và Phát triển
PFL,Công ty Cổ phần Dầu khí Đông Đô
PET,Tổng Công ty Cổ phần Dịch vụ Tổng hợp Dầu khí
PEQ,Công ty Cổ phần Thiết bị xăng dầu Petrolimex
PEN,Công ty Cổ phần Xây lắp III Petrolimex
PEG,Tổng Công ty Thương mại Kỹ thuật và Đầu tư - Công ty Cổ phần
PEC,Công ty Cổ phần Cơ khí Điện lực
PDV,Công ty Cổ phần Vận tải và Tiếp vận Phương Đông Việt
PDT,
PDR,Công ty Cổ phần Phát triển Bất động sản Phát Đạt
PDN,Công ty Cổ phần Cảng Đồng Nai
PDC,Công ty Cổ phần Du lịch Dầu khí Phương Đông
PDB,Công ty Cổ phần Tập đoàn Đầu tư DIN Capital
PCT,Công ty Cổ phần Vận tải Biển Global Pacific
PCN,Công ty Cổ phần Hóa phẩm dầu khí DMC - Miền Bắc
PCM,Công ty Cổ phần Vật liệu Xây dựng Bưu điện
PCH,Công ty Cổ phần Nhựa Picomat
PCG,Công ty Cổ phần Đầu tư Phát triển Gas Đô thị
PCF,Công ty Cổ phần Cà phê PETEC
PCE,Công ty Cổ phần Phân bón và hóa chất dầu khí Miền Trung
PCC,Công ty Cổ phần Tập đoàn Xây lắp 1 - Petrolimex
PC1,Công ty Cổ phần Tập đoàn PC1
PBT,Công ty Cổ Phần Bao bì và Thương mại Dầu khí Bình Sơn
PBP,Công ty Cổ phần Bao bì Dầu khí Việt Nam
PBC,Công ty Cổ phần Dược Phẩm Trung ương 1 - Pharbaco
PAT,Công ty Cổ phần Phốt pho Apatit Việt Nam
PAS,Công ty Cổ phần Quốc tế Phương Anh
PAP,Công ty Cổ phần Dầu khí đầu tư khai thác Cảng Phước An
PAN,Công ty Cổ phần Tập đoàn PAN
PAI,"Công ty Cổ phần Công nghê thông tin, Viễn thông và Tự động hóa Dầu khí"
PAC,Công ty Cổ phần Pin Ắc quy Miền Nam
ORS,Công ty Cổ phần Chứng khoán Tiên Phong
OPC,Công ty Cổ phần Dược Phẩm OPC
ONW,Công ty Cổ phần Dịch vụ Một Thế giới
ONE,Công ty Cổ phần Công nghệ ONE
OIL,Tổng Công ty Dầu Việt Nam - Công ty Cổ phần
OGC,Công ty Cổ phần Tập đoàn Đại Dương
ODE,Công ty cổ phần Tập đoàn Truyền thông và Giải trí ODE
OCH,Công ty Cổ phần One Capital Hospitality
OCB,Ngân hàng Thương mại Cổ phần Phương Đông
NXT,Công ty Cổ phần Sản xuất và Cung ứng vật liệu xây dựng Kon Tum
NWT,Công ty Cổ phần Vận tải Newway
NVT,Công ty Cổ phần Bất động sản Du lịch Ninh Vân Bay
NVP,Công ty Cổ phần Nước sạch Vĩnh Phúc
NVL,Công ty Cổ phần Tập đoàn Đầu tư Địa ốc No Va
NVB,Ngân hàng Thương mại Cổ phần Quốc Dân
NUE,Công ty Cổ phần Môi trường Đô thị Nha Trang
NTW,Công ty Cổ phần Cấp nước Nhơn Trạch
NTT,Công ty Cổ phần Dệt - May Nha Trang
NTP,Công ty Cổ phần Nhựa Thiếu niên Tiền Phong
NTL,Công ty Cổ phần Phát triển Đô thị Từ Liêm
NTH,Công ty Cổ phần Thủy điện Nước Trong
NTF,Công ty Cổ phần Dược - Vật tư y tế Nghệ An
NTC,Công ty Cổ phần Khu Công nghiệp Nam Tân Uyên
NTB,Công ty Cổ phần Đầu tư Xây dựng và Khai thác Công trình giao thông 584
NT2,Công ty Cổ phần Điện lực Dầu khí Nhơn Trạch 2
NST,Công ty Cổ phần Ngân Sơn
NSS,Công ty Cổ phần Nông súc sản Đồng Nai
NSL,Công ty Cổ phần Cấp nước Sơn La
NSH,Công ty Cổ phần Tập đoàn Nhôm Sông Hồng Shalumi
NSG,Công ty Cổ phần Nhựa Sài Gòn
NSC,Công ty Cổ phần Tập đoàn Giống cây trồng Việt Nam
NS3,Công ty Cổ phần Sản xuất Kinh doanh Nước sạch số 3 Hà Nội
NS2,Công ty Cổ phần Nước sạch số 2 Hà Nội
NRC,Công ty Cổ phần Tập đoàn Danh Khôi
NQT,Công ty Cổ phần Nước sạch Quảng Trị
NQN,Công ty Cổ phần Nước sạch Quảng Ninh
NQB,Công ty Cổ phần Cấp nước Quảng Bình
NOS,Công ty Cổ phần Vận tải Biển và Thương mại Phương Đông
NO1,Công ty Cổ phần Tâp đoàn 911
NNT,Công ty Cổ phần Cấp nước Ninh Thuận
NNQ,
NNG,Công ty Cổ phần Công nghiệp - Dịch vụ - Thương mại Ngọc Nghĩa
NNC,Công ty Cổ phần Đá Núi Nhỏ
NLS,Công ty Cổ phần Cấp thoát nước Lạng Sơn
NLG,Công ty Cổ phần Đầu tư Nam Long
NKG,Công ty Cổ phần Thép Nam Kim
NJC,Công ty Cổ phần May Nam Định
NHV,Công ty Cổ phần Sức khỏe Hồi sinh Việt Nam
NHT,Công ty Cổ phần Sản xuất và Thương mại Nam Hoa
NHP,Công ty Cổ phần Sản xuất Xuất nhập khẩu NHP
NHH,Công ty Cổ phần Nhựa Hà Nội
NHC,Công ty Cổ phần Gạch ngói Nhị Hiệp
NHA,Tổng Công ty Đầu tư Phát triển Nhà và Đô thị Nam Hà Nội
NGC,Công ty Cổ phần Chế biến Thủy sản Xuất khẩu Ngô Quyền
NFC,Công ty Cổ phần Phân lân Ninh Bình
NET,Công ty Cổ phần Bột giặt Net
NEM,Công ty Cổ phần Thiết bị Điện Miền Bắc
NED,Công ty Cổ phần Đầu tư và Phát triển Điện Tây Bắc
NDX,Công ty Cổ phần Xây lắp Phát triển Nhà Đà Nẵng
NDW,Công ty Cổ phần Cấp nước Nam Định
NDT,Tổng Công ty Cổ phần Dệt may Nam Định
NDP,Công ty Cổ phần Dược phẩm 2/9
NDN,Công ty Cổ phần Đầu tư Phát triển Nhà Đà Nẵng
NDF,Công ty Cổ phần Chế biến thực phẩm nông sản xuất khẩu Nam Định
NDC,Công ty Cổ phần Nam Dược
ND2,Công ty Cổ phần Đầu tư và Phát triển điện Miền Bắc 2
NCT,Công ty Cổ phần Dịch vụ Hàng hóa Nội Bài
NCS,Công ty Cổ phần Suất ăn Hàng không Nội Bài
NCG,Công ty Cổ phần Tập đoàn Nova Consumer
NBW,Công ty Cổ phần Cấp nước Nhà Bè
NBT,Công ty Cổ phần Cấp thoát nước Bến Tre
NBP,Công ty Cổ phần Nhiệt Điện Ninh Bình
NBE,Công ty Cổ phần Sách và Thiết bị Giáo dục Miền Bắc
NBC,Công ty Cổ phần Than Núi Béo - Vinacomin
NBB,Công ty Cổ phần Đầu tư Năm Bảy Bảy
NAW,Công ty Cổ phần Cấp nước Nghệ An
NAV,Công ty Cổ phần Nam Việt
NAU,Công ty Cổ phần Môi trường và Công trình Đô thị Nghệ An
NAS,Công ty Cổ phần Dịch vụ Hàng không Sân bay Nội Bài
NAP,Công ty Cổ phần Cảng Nghệ Tĩnh
NAG,Công ty Cổ phần Tập đoàn Nagakawa
NAF,Công ty Cổ phần Nafoods Group
NAC,Công ty Cổ phần Tư vấn Xây dựng Tổng hợp
NAB,Ngân hàng Thương mại Cổ phần Nam Á
MZG,Công ty Cổ Phần Miza
MXC,
MWG,Công ty Cổ phần Đầu tư Thế Giới Di Động
MVN,Tổng Công ty Hàng hải Việt Nam - CTCP
MVC,Công ty Cổ phần Vật liệu và Xây dựng Bình Dương
MVB,Tổng Công ty Công nghiệp mỏ Việt Bắc TKV - Công ty Cổ phần
MTX,Công ty Cổ phần Công trình Đô thị Gò Công
MTV,Công ty Cổ phần Dịch vụ Môi trường và Công trình Đô thị Vũng Tàu
MTS,Công ty Cổ phần Vật tư - TKV
MTP,Công ty Cổ phần Dược Medipharco
MTL,Công ty Cổ phần Dịch vụ Môi trường Đô thị Từ Liêm
MTH,Công ty Cổ phần Môi trường Đô thị Hà Đông
MTG,Công ty Cổ phần MT Gas
MTC,Công ty Cổ phần Dịch vụ Du lịch Mỹ Trà
MTB,Công ty Cổ phần Môi trường và Công trình đô thị tỉnh Thái Bình
MTA,Tổng Công ty Khoáng sản và Thương mại Hà Tĩnh - Công ty Cổ phần
MST,Công ty Cổ phần Đầu tư MST
MSR,Công ty Cổ phần Masan High-Tech Materials
MSN,Công ty Cổ phần Tập đoàn Masan
MSH,Công ty Cổ phần May Sông Hồng
MSB,Ngân hàng Thương mại Cổ phần Hàng Hải Việt Nam
MRF,Công ty Cổ phần MERUFA
MQN,Công ty Cổ phần Môi trường đô thị Quảng Ngãi
MQB,Công ty Cổ phần Môi trường và Phát triển đô thị Quảng Bình
MPY,Công ty Cổ phần Môi trường đô thị Phú Yên
MPT,Công ty Cổ phần Tập đoàn MPT
MPC,Công ty Cổ phần Tập đoàn Thủy sản Minh Phú
MND,Công ty Cổ phần Môi trường Nam Định
MNB,Tổng Công ty May Nhà Bè - Công ty Cổ phần
MML,Công ty Cổ phần Masan MEATLife
MLS,Công ty Cổ phần Chăn nuôi - Mitraco
MLC,Công ty Cổ phần Môi trường Đô thị Tỉnh Lào Cai
MKV,Công ty Cổ phần Dược Thú Y Cai Lậy
MKP,Công ty Cổ phần Hóa - Dược phẩm Mekophar
MIM,Công ty Cổ phần Khoáng sản và Cơ khí
MIG,Tổng Công ty Cổ phần Bảo hiểm Quân đội
MIE,Tổng Công ty Máy và Thiết bị Công nghiệp - CTCP
MIC,Công ty Cổ phần Kỹ nghệ Khoáng sản Quảng Nam
MHL,Công ty Cổ phần Minh Hữu Liên
MHC,Công ty Cổ phần MHC
MH3,Công ty Cổ phần Khu công nghiệp Cao su Bình Long
MGR,Công ty cổ phần Tập đoàn MGROUP
MGG,Tổng Công ty Đức Giang - Công ty Cổ phần
MGC,Công ty Cổ phần Địa chất mỏ - TKV
MFS,Công ty Cổ phần Dịch vụ kỹ thuật Mobifone
MES,Công ty Cổ phần Cơ điện Công trình
MEL,Công ty Cổ phần Thép Mê Lin
MEG,Công ty Cổ phần Megram
MEF,Công ty Cổ phần MEINFA
MED,Công ty Cổ phần Dược Trung ương Mediplantex
MEC,Công ty Cổ phần Cơ khí - Lắp máy Sông Đà
MDG,Công ty Cổ phần Miền Đông
MDF,Công ty Cổ phần Gỗ MDF VRG - Quảng Trị
MDC,Công ty Cổ phần Than Mông Dương - Vinacomin
MDA,Công ty Cổ phần Môi trường Đô thị Đông Anh
MCP,Công ty Cổ phần In và Bao bì Mỹ Châu
MCO,Công ty Cổ phần Đầu tư và Xây dựng BDC Việt Nam
MCM,Công ty Cổ phần Giống bò sữa Mộc Châu
MCI,Công ty Cổ phần Đầu tư Xây dựng và Phát triển Vật liệu IDICO
MCH,Công ty Cổ phần Hàng Tiêu Dùng MaSan
MCG,Công ty Cổ phần Năng lượng và Bất động sản MCG
MCF,Công ty Cổ phần Xây lắp Cơ khí và Lương thực Thực phẩm
MCD,Công ty Cổ phần Môi trường và Công trình Đô thị Đông Hà
MCC,Công ty Cổ phần Gạch ngói cao cấp
MC3,Công ty Cổ phần Khoáng sản 3 - Vimico
MBT,Công ty Cổ phần Bất động sản cho thuê Minh Bảo Tín
MBS,Công ty Cổ phần Chứng khoán MB
MBN,Công ty Cổ phần Môi trường và Công trình đô thị Bắc Ninh
MBG,Công ty Cổ phần Tập đoàn MBG
MBB,Ngân hàng Thương mại Cổ phần Quân đội
MAS,Công ty cổ phần Dịch vụ Hàng Không Sân Bay Đà Nẵng
MAC,Công ty Cổ phần Cung ứng và Dịch vụ Kỹ thuật Hàng Hải
MA1,Công ty Cổ phần Thiết bị
M10,Tổng công ty May 10 - Công ty Cổ phần
LYF,Công ty Cổ phần Lương Thực Lương Yên
LWS,Công ty Cổ phần Cấp nước Tỉnh Lào Cai
LUT,Công ty Cổ phần Đầu tư Xây dựng Lương Tài
LTG,Công ty Cổ phần Tập đoàn Lộc Trời
LTC,Công ty Cổ phần Điện nhẹ Viễn Thông
LSS,Công ty Cổ phần Mía đường Lam Sơn
LSG,Công ty Cổ phần Bất động sản Sài Gòn Vi na
LQN,Công ty Cổ phần Licogi Quảng Ngãi
LPT,Công ty Cổ phần Thương mại và Sản xuất Lập Phương Thành
LPB,Ngân hàng Thương mại Cổ phần Lộc Phát Việt Nam
LO5,Công ty Cổ phần Lilama 5
LNC,Công ty Cổ phần Lệ Ninh
LMI,Công ty Cổ phần Đầu tư Xây dựng Lắp máy IDICO
LMH,Công ty Cổ phần Quốc Tế Holding
LMC,Công ty Cổ phần Long Beach LMC
LM8,Công ty Cổ phần Lilama 18
LM7,Công ty Cổ phần Lilama 7
LM3,Công ty Cổ phần Lilama 3
LLM,Tổng Công ty lắp máy Việt Nam - Công ty Cổ phần
LKW,Công ty Cổ phần Cấp nước Long Khánh
LIX,Công ty Cổ phần Bột Giặt LiX
LIG,Công ty Cổ phần Licogi 13
LIC,Tổng Công ty LICOGI - Công ty Cổ phần
LHG,Công ty Cổ phần Long Hậu
LHC,Công ty Cổ phần Đầu tư và Xây dựng Thủy lợi Lâm Đồng
LGM,Công ty Cổ phần Giày da và May mặc Xuất khẩu (Legamex)
LGL,Công ty Cổ phần Đầu tư và Phát triển Đô thị Long Giang
LGC,Công ty Cổ phần Đầu tư Cầu đường CII
LG9,Công ty Cổ phần Cơ giới và Xây lắp số 9
LEC,Công ty Cổ phần Bất động sản Điện lực Miền Trung
LDW,Công ty Cổ phần Cấp thoát nước Lâm Đồng
LDP,Công ty Cổ phần Dược Lâm Đồng - Ladophar
LDG,Công ty Cổ phần Đầu tư LDG
LCW,Công ty Cổ phần Nước sạch Lai Châu
LCS,Công ty Cổ phần Licogi 16.6
LCM,Công ty Cổ phần Khai thác và Chế biến Khoáng sản Lào Cai
LCG,Công ty Cổ phần Lizen
LCD,Công ty Cổ phần Lắp máy - Thí nghiệm cơ điện
LCC,Công ty Cổ phần Xi măng Hồng Phong
LBM,Công ty Cổ phần Khoáng sản và Vật liệu xây dựng Lâm Đồng
LBE,Công ty Cổ phần Thương mại và Dịch vụ LVA
LBC,Công ty Cổ phần Thương mại - Đầu tư Long Biên
LAW,Công ty Cổ phần Cấp thoát nước Long An
LAS,Công ty Cổ phần Supe Phốt phát và Hóa chất Lâm Thao
LAI,Công ty Cổ phần Đầu tư Xây dựng Long An IDICO
LAF,Công ty Cổ phần Chế biến Hàng Xuất khẩu Long An
L63,Công ty Cổ phần Lilama 69-3
L62,Công ty Cổ phần Lilama 69 - 2
L61,Công ty Cổ phần Lilama 69-1
L45,Công ty Cổ phần Lilama 45.1
L44,Công ty Cổ phần Lilama 45.4
L43,Công ty Cổ phần Lilama 45.3
L40,Công ty Cổ phần Đầu tư và Xây dựng 40
L35,Công ty Cổ phần Cơ khí Lắp máy Lilama
L18,Công ty Cổ phần Đầu tư và Xây dựng số 18
L14,Công ty Cổ phần Licogi 14
L12,Công ty Cổ phần Licogi 12
L10,Công ty Cổ phần Lilama 10
KWA,Công ty Cổ phần Cấp thoát nước và Môi trường Kiến Tường
KVC,Công ty Cổ phần Sản xuất Xuất nhập khẩu Inox Kim Vĩ
KTW,Công ty Cổ phần Cấp nước Kon Tum
KTT,Công ty Cổ phần Tập đoàn Đầu tư KTT
KTS,Công ty Cổ phần Đường Kon Tum
KTL,Công ty Cổ phần Kim khí Thăng Long
KTC,Công ty Cổ phần Thương mại Kiên Giang
KSV,Tổng Công ty Khoáng sản TKV - Công ty Cổ phần
KST,Công ty Cổ phần KASATI
KSQ,Công ty Cổ phần CNC Capital Việt Nam
KSH,Công ty Cổ phần Damac GLS
KSF,Công ty Cổ phần Tập đoàn Sunshine
KSD,Công ty Cổ phần Đầu tư DNA
KSB,Công ty Cổ phần Khoáng sản và Xây dựng Bình Dương
KPF,Công ty Cổ phần Đầu tư Tài sản KOJI
KOS,Công ty Cổ phần KOSY
KMT,Công ty Cổ phần Kim khí Miền Trung
KMR,Công ty Cổ phần Mirae
KLM,Công ty Cổ phần Kim loại màu Nghệ Tĩnh
KLF,Công ty Cổ phần Đầu tư Thương mại và Xuất nhập khẩu CFS
KLB,Ngân hàng Thương mại Cổ phần Kiên Long
KKC,Công ty Cổ phần Tập đoàn Thành Thái
KIP,Công ty Cổ phần K.I.P Việt Nam
KHW,Công ty Cổ phần Cấp thoát nước Khánh Hòa
KHS,Công ty Cổ phần Kiên Hùng
KHP,Công ty Cổ phần Điện lực Khánh Hòa
KHL,Công ty Cổ phần Khoáng sản và Vật liệu Xây dựng Hưng Long
KHG,Công ty Cổ phần Tập đoàn Khải Hoàn Land
KHD,"Công ty Cổ phần Khai thác, Chế biến Khoáng sản Hải Dương"
KHB,Công ty Cổ phần Khoáng sản Hòa Bình
KHA,Công ty Cổ phần Đầu tư và Dịch vụ Khánh Hội
KGM,Công ty Cổ phần Xuất nhập khẩu Kiên Giang
KDM,Công ty Cổ phần Tập đoàn GCL
KDH,Công ty Cổ phần Đầu tư và Kinh doanh nhà Khang Điền
KDC,Công ty Cổ phần Tập đoàn KIDO
KCE,Công ty Cổ phần Bê tông Ly tâm Điện lực Khánh Hòa
KCB,Công ty Cổ phần Khoáng Sản và Luyện Kim Cao Bằng
KBC,Tổng Công ty Phát triển Đô thị Kinh Bắc
KAC,Công ty Cổ phần Đầu tư Địa ốc Khang An
JVC,Công ty Cổ phần Đầu tư và Phát triển Y tế Việt Nhật
JOS,Công ty Cổ phần Chế biến Thủy sản Xuất khẩu Minh Hải
IVS,Công ty Cổ phần Chứng khoán Guotai Junan (Việt Nam)
ITS,"Công ty Cổ phần Đầu tư, Thương mại và Dịch vụ - Vinacomin"
ITQ,Công ty Cổ phần Tập đoàn Thiên Quang
ITD,Công ty Cổ phần Công nghệ Tiên Phong
ITC,Công ty Cổ phần Đầu tư - Kinh doanh nhà
ITA,Công ty Cổ phần Đầu tư và Công nghiệp Tân Tạo
IST,Công ty Cổ phần ICD Tân Cảng Sóng Thần
ISH,Công ty Cổ phần Thủy điện Srok Phu Miêng IDICO
ISG,Công ty Cổ phần Vận tải biển và Hợp tác lao động Quốc Tế
IRC,Công ty Cổ phần Cao su Công nghiệp
IPH,
IPA,Công ty Cổ phần Tập đoàn Đầu tư I.P.A
INN,Công ty Cổ phần Bao bì và In Nông nghiệp
ING,Công ty Cổ phần Đầu Tư Và Phát Triển Xây Dựng
INC,Công ty Cổ phần Tư vấn Đầu tư IDICO
IN4,Công ty Cổ phần In số 4
IMP,Công ty Cổ phần Dược phẩm IMEXPHARM
IME,Công ty Cổ phần Cơ khí và Xây lắp Công nghiệp
ILS,Công ty Cổ phần Đầu tư Thương mại và Dịch vụ Quốc tế
ILC,Công ty Cổ phần Hợp tác lao động với nước ngoài
ILB,Công ty Cổ phần ICD Tân Cảng - Long Bình
ILA,Công ty Cổ phần ILA
IJC,Công ty Cổ phần Phát triển Hạ tầng Kỹ thuật
IHK,Công ty Cổ phần In Hàng Không
IFS,Công ty Cổ phần Thực phẩm Quốc tế
IDV,Công ty Cổ phần Phát triển Hạ tầng Vĩnh Phúc
IDP,Công ty Cổ phần Sữa Quốc tế LOF
IDJ,Công ty Cổ phần Đầu tư IDJ Việt Nam
IDI,Công ty Cổ phần Đầu tư và Phát triển Đa Quốc Gia I.D.I
IDC,Tổng Công ty IDICO - CTCP
ICT,Công ty Cổ phần Viễn thông - Tin học Bưu điện
ICN,Công ty Cổ phần Đầu tư Xây dựng Dầu khí IDICO
ICI,Công ty Cổ phần Đầu tư và Xây dựng Công nghiệp
ICG,Công ty Cổ phần Xây dựng Sông Hồng
ICF,Công ty Cổ phần Đầu tư - Thương mại - Thuỷ sản
ICC,Công ty Cổ phần Xây dựng công nghiệp
IBN,Công ty Cổ phần In báo Nghệ An
IBD,Công ty Cổ phần In Tổng hợp Bình Dương
IBC,Công ty Cổ phần Đầu tư APAX Holdings
HWS,Công ty Cổ phần Cấp nước Huế
HVX,Công ty Cổ phần Xi măng Vicem Hải Vân
HVT,Công ty Cổ phần Hóa chất Việt Trì
HVN,Tổng Công ty Hàng không Việt Nam - CTCP
HVH,Công ty Cổ phần Đầu tư và Công nghệ HVC
HVG,Công ty Cổ phần Hùng Vương
HVA,Công ty Cổ phần Đầu tư HVA
HUX,
HUT,Công ty Cổ phần Tasco
HUG,Tổng công ty May Hưng Yên - Công ty Cổ phần
HUB,Công ty Cổ phần Xây lắp Thừa Thiên Huế
HU6,Công ty Cổ phần Đầu tư Phát triển Nhà và Đô thị HUD6
HU4,Công ty Cổ phần Đầu tư và Xây dựng HUD4
HU3,Công ty Cổ phần Đầu tư và Xây dựng HUD3
HU1,Công ty Cổ phần Đầu tư và Xây dựng HUD1
HTW,Công ty Cổ phần Cấp nước Hà Tĩnh
HTV,Công ty Cổ phần Logistics Vicem
HTT,Công ty Cổ phần Thương mại Hà Tây
HTR,Công ty Cổ phần Đường sắt Hà Thái
HTP,Công ty Cổ phần In Sách Giáo Khoa Hòa Phát
HTN,Công ty Cổ phần Hưng Thịnh Incons
HTM,Tổng Công ty Thương mại Hà Nội – Công ty cổ phần
HTL,Công ty Cổ phần Kỹ thuật và Ô tô Trường Long
HTK,
HTI,Công ty Cổ phần Đầu tư Phát triển Hạ tầng IDICO
HTH,Công ty Cổ phần Hoa tiêu Hàng hải - TKV
HTG,Tổng Công ty Cổ phần Dệt may Hòa Thọ
HTE,Công ty Cổ phần Đầu tư Kinh doanh Điện lực Thành phố Hồ Chí Minh
HTC,Công ty Cổ phần Thương mại Hóc Môn
HT1,Công ty Cổ phần Xi măng VICEM Hà Tiên
HSV,Công ty Cổ phần Tập đoàn HSV Việt Nam
HSP,Công ty Cổ phần Sơn Tổng hợp Hà Nội
HSM,Tổng Công ty Cổ phần Dệt May Hà Nội
HSL,Công ty Cổ phần Đầu tư Phát triển Thực phẩm Hồng Hà
HSI,Công ty Cổ phần Vật tư Tổng hợp và Phân bón Hóa sinh
HSG,Công ty Cổ phần Tập đoàn Hoa Sen
HSA,Công ty Cổ phần HESTIA
HRT,Công ty Cổ phần Vận tải đường sắt Hà Nội
HRC,Công ty Cổ phần Cao su Hòa Bình
HRB,Công ty Cổ phần Harec Đầu tư và Thương Mại
HQC,Công ty Cổ phần Tư vấn - Thương mại - Dịch vụ Địa ốc Hoàng Quân
HPX,Công ty Cổ phần Đầu tư Hải Phát
HPW,Công ty Cổ phần Cấp nước Hải Phòng
HPT,Công ty Cổ phần Dịch vụ Công nghệ Tin học HPT
HPP,Công ty Cổ phần Sơn Hải Phòng
HPM,Công ty Cổ phần Xây dựng Thương mại và Khoáng sản Hoàng Phúc
HPI,Công ty Cổ phần Khu công nghiệp Hiệp Phước
HPH,Công ty Cổ phần Hóa Chất Hưng Phát Hà Bắc
HPG,Công ty Cổ phần Tập đoàn Hòa Phát
HPD,Công ty Cổ phần Thủy điện Đăk Đoa
HPB,Công ty Cổ phần Bao bì PP
HOT,Công ty Cổ phần Du lịch - Dịch vụ Hội An
HOM,Công ty Cổ phần Xi măng VICEM Hoàng Mai
HNT,Công ty Cổ phần Xe điện Hà Nội
HNR,Công ty Cổ phần Rượu và Nước Giải Khát Hà Nội
HNP,Công ty Cổ phần Hanel Xốp Nhựa
HNM,Công ty Cổ phần Sữa Hà Nội
HNI,Công ty Cổ phần May Hữu Nghị
HNG,Công ty Cổ phần Nông nghiệp Quốc tế Hoàng Anh Gia Lai
HNF,Công ty Cổ phần Thực phẩm Hữu Nghị
HNE,
HND,Công ty Cổ phần Nhiệt điện Hải Phòng
HNB,Công ty Cổ phần Bến xe Hà Nội
HNA,Công ty Cổ phần Thủy điện Hủa Na
HMS,Công ty Cổ phần Xây dựng Bảo tàng Hồ Chí Minh
HMR,Công ty cổ phần Đá Hoàng Mai
HMH,Công ty Cổ phần Hải Minh
HMG,Công ty Cổ phần Kim Khí Hà Nội - VNSTEEL
HMD,Công ty Cổ phần Hóa chất Minh Đức
HMC,Công ty Cổ phần Kim khí Thành phố Hồ Chí Minh - VNSTEEL
HLY,Công ty Cổ phần Gốm xây dựng Yên Hưng
HLT,Công ty Cổ phần Dệt may Hoàng Thị Loan
HLS,Công ty Cổ phần Sứ kỹ thuật Hoàng Liên Sơn
HLR,Công ty Cổ phần Đường sắt Hà Lạng
HLO,Công Ty Cổ Phần Công Nghệ Ha Lô
HLG,Công ty Cổ phần Tập đoàn Hoàng Long
HLE,Công ty Cổ phần Điện chiếu sáng Hải Phòng
HLD,Công ty Cổ phần Đầu tư và Phát triển Bất động sản HUDLAND
HLC,Công ty Cổ phần Than Hà Lầm - Vinacomin
HLB,Công ty Cổ phần Bia và Nước giải khát Hạ Long
HLA,Công ty Cổ phần Hữu Liên Á Châu
HKT,Công ty Cổ phần Đầu tư QP Xanh
HKP,Công ty Cổ phần Bao bì Hà Tiên
HKB,Công ty Cổ phần Nông nghiệp và Thực phẩm Hà Nội - Kinh Bắc
HJS,Công ty Cổ phần Thủy điện Nậm Mu
HJC,Công ty Cổ phần Hoà Việt
HIO,Công ty Cổ Phần Helio Energy
HII,Công ty Cổ phần An Tiến Industries
HIG,Công ty Cổ phần Tập đoàn HIPT
HID,Công ty Cổ phần Halcom Vietnam
HHV,Công ty Cổ phần Đầu tư Hạ tầng Giao thông Đèo Cả
HHS,Công ty Cổ phần Đầu tư Dịch vụ Hoàng Huy
HHR,Công ty Cổ phần Đường sắt Hà Hải
HHP,Công ty Cổ phần HHP Global
HHN,Công ty Cổ phần Vận tải và Dịch vụ Hàng hóa Hà Nội
HHG,Công ty Cổ phần Hoàng Hà
HHC,Công ty Cổ phần Bánh kẹo Hải Hà
HGW,Công ty Cổ phần Cấp thoát nước - Công trình Đô thị Hậu Giang
HGT,Công ty Cổ phần Du lịch Hương Giang
HGR,
HGM,Công ty Cổ phần Cơ khí và Khoáng sản Hà Giang
HGC,
HGA,
HFX,Công ty Cổ phần Sản xuất - Xuất nhập khẩu Thanh Hà
HFC,Công ty Cổ phần Xăng dầu HFC
HFB,Công ty Cổ phần Công trình Cầu phà Thành phố Hồ Chí Minh
HEV,Công ty Cổ phần Sách Đại học - Dạy nghề
HES,Công ty Cổ phần Dịch vụ Giải trí Hà Nội
HEP,Công ty Cổ phần Môi trường và Công trình đô thị Huế
HEM,Công ty Cổ phần Chế tạo Điện cơ Hà Nội
HEJ,Tổng Công ty Tư vấn Xây dựng Thủy Lợi Việt Nam - CTCP
HEC,Công ty Cổ phần Tư vấn xây dựng Thủy Lợi II
HDW,Công ty Cổ phần Kinh doanh Nước sạch Hải Dương
HDS,Công ty Cổ phần Giống cây trồng Hải Dương
HDP,Công ty Cổ phần Dược Hà Tĩnh
HDO,Công ty Cổ phần Hưng Đạo Container
HDM,Công ty Cổ phần Dệt May Huế
HDG,Công ty Cổ phần Tập đoàn Hà Đô
HDC,Công ty Cổ phần Phát triển Nhà Bà Rịa Vũng Tàu
HDB,Ngân hàng Thương mại Cổ phần Phát Triển Thành phố Hồ Chí Minh
HDA,Công ty Cổ phần Hãng sơn Đông Á
HD8,Công ty Cổ phần Đầu tư Phát triển Nhà và Đô thị HUD8
HD6,Công ty Cổ phần Đầu tư và Phát triển nhà số 6 Hà Nội
HD2,Công ty Cổ phần Đầu tư phát triển nhà HUD2
HCT,Công ty Cổ phần Thương mại - Dịch vụ - Vận tải Xi măng Hải Phòng
HCM,Công ty Cổ phần Chứng khoán Thành phố Hồ Chí Minh
HCI,Công ty Cổ phần Đầu tư - Xây dựng Hà Nội
HCD,Công ty Cổ phần Đầu tư Sản xuất và Thương mại HCD
HCC,Công ty Cổ phần Bê tông Hòa Cầm - Intimex
HCB,Công ty Cổ phần Dệt may 29/3
HC3,Công ty Cổ phần Xây dựng số 3 Hải Phòng
HC1,Công ty Cổ phần Xây dựng số 1 Hà Nội
HBS,Công ty Cổ phần Chứng khoán Hòa Bình
HBH,Công ty Cổ phần HABECO - Hải Phòng
HBD,Công ty Cổ phần Bao bì PP Bình Dương
HBC,Công ty Cổ phần Tập đoàn Xây dựng Hòa Bình
HAX,Công ty Cổ phần Dịch vụ Ô tô Hàng Xanh
HAW,
HAV,Công ty Cổ phần Rượu Hapro
HAT,Công ty Cổ phần Thương mại Bia Hà Nội
HAS,Công ty Cổ phần Hacisco
HAR,Công ty Cổ phần Đầu tư Thương mại Bất động sản An Dương Thảo Điền
HAP,Công ty Cổ phần Tập Đoàn Hapaco
HAN,Tổng Công ty Xây dựng Hà Nội - CTCP
HAM,Công ty Cổ phần Vật tư Hậu Giang
HAI,Công ty Cổ phần Nông dược HAI
HAH,Công ty Cổ phần Vận tải và Xếp dỡ Hải An
HAG,Công ty Cổ phần Hoàng Anh Gia Lai
HAF,Công ty Cổ phần Thực phẩm Hà Nội
HAD,Công ty Cổ phần Bia Hà Nội - Hải Dương
HAC,Công ty Cổ phần Chứng khoán Hải Phòng
HAB,
H11,Công ty Cổ phần Xây dựng HUD101
GVT,Công ty Cổ phần Giấy Việt Trì
GVR,Tập đoàn Công nghiệp Cao su Việt Nam - Công ty Cổ phần
GTT,Công ty Cổ phần Thuận Thảo
GTS,Công ty Cổ phần Công trình Giao thông Sài Gòn
GTK,
GTH,Công ty Cổ phần Xây dựng Giao thông Thừa Thiên Huế
GTD,Công ty Cổ phần Giầy Thượng Đình
GTA,Công ty Cổ phần Chế biến Gỗ Thuận An
GSP,Công ty Cổ phần Vận tải Sản phẩm Khí Quốc tế
GSM,Công ty Cổ phần Thủy điện Hương Sơn
GQN,
GPC,Công ty Cổ phần Tập đoàn Green+
GND,Công ty Cổ phần Gạch ngói Đồng Nai
GMX,Công ty Cổ phần Gạch ngói Gốm xây dựng Mỹ Xuân
GMH,Công ty Cổ phần Minh Hưng Quảng Trị
GMD,Công ty Cổ phần Gemadept
GMC,Công ty Cổ phần Garmex Sài Gòn
GMA,Công ty Cổ phần G-Automobile
GLW,Công ty Cổ phần Cấp thoát nước Gia Lai
GLT,Công ty Cổ phần Kỹ thuật điện Toàn Cầu
GLC,Công ty Cổ phần Vàng Lào Cai
GKM,Công ty Cổ phần GKM Holdings
GIL,Công ty Cổ phần Sản xuất Kinh doanh Xuất nhập khẩu Bình Thạnh
GIC,Công ty Cổ phần VSC Green Logistics
GHC,Công ty Cổ phần Thủy điện Gia Lai
GH3,Công ty Cổ phần Công trình giao thông Hà Nội
GGG,Công ty Cổ phần Ô tô Giải Phóng
GEX,Công ty Cổ phần Tập đoàn Gelex
GER,Công ty Cổ phần Thể thao Ngôi sao Geru
GEG,Công ty Cổ phần Điện Gia Lai
GEE,Công ty Cổ phần Điện lực Gelex
GE2,Tổng Công ty Phát điện 2
GDW,Công ty Cổ phần Cấp nước Gia Định
GDT,Công ty Cổ phần Chế biến Gỗ Đức Thành
GDA,Công ty Cổ phần Tôn Đông Á
GCF,Công ty Cổ phần Thực phẩm G.C
GCB,Công ty Cổ phần PETEC Bình Định
GAS,Tổng Công ty Khí Việt Nam - Công ty Cổ phần
GAB,Công ty Cổ phần Đầu tư Khai khoáng & Quản lý Tài sản FLC
G36,Tổng Công ty 36 - Công ty Cổ phần
G20,Công ty Cổ phần Đầu tư Dệt may Vĩnh Phúc
FTS,Công ty Cổ phần Chứng khoán FPT
FTM,Công ty Cổ phần Đầu tư và Phát triển Đức Quân
FTI,Công ty Cổ phần Công nghiệp - Thương mại Hữu Nghị
FT1,Công ty Cổ phần Phụ tùng máy số 1
FSO,Công ty Cổ phần Cơ khí đóng tàu thủy sản Việt Nam
FRT,Công ty Cổ phần Bán lẻ Kỹ thuật số FPT
FRM,Công ty Cổ phần Lâm nghiệp Sài Gòn
FRC,Công ty Cổ phần Lâm đặc sản xuất khẩu Quảng Nam
FPT,Công ty Cổ phần FPT
FOX,Công ty Cổ phần Viễn thông FPT
FOC,Công ty Cổ phần Dịch vụ Trực tuyến FPT
FMC,Công ty Cổ phần Thực phẩm Sao Ta
FLC,Công ty Cổ phần Tập đoàn FLC
FIT,Công ty Cổ phần Tập đoàn F.I.T
FIR,Công ty Cổ phần Địa ốc First Real
FID,Công ty Cổ phần Đầu tư và Phát triển Doanh nghiệp Việt Nam
FIC,Tổng Công ty Vật liệu Xây dựng số 1 - Công ty Cổ phần
FHS,Công ty Cổ phần Phát hành sách Thành phố Hồ Chí Minh - FAHASA
FHN,Công ty Cổ phần Xuất nhập khẩu Lương thực - Thực phẩm Hà Nội
FGL,Công ty Cổ phần Cà phê Gia Lai
FDG,Công ty Cổ phần Docimexco
FDC,Công ty Cổ phần Ngoại thương và Phát triển Đầu tư Thành phố Hồ Chí Minh
FCS,Công ty Cổ phần Lương thực Thành phố Hồ Chí Minh
FCN,Công ty Cổ phần FECON
FCM,Công ty Cổ phần Khoáng sản FECON
FCC,Công ty Cổ phần Liên hợp Thực phẩm
FBC,Công ty Cổ phần Cơ khí Phổ Yên
FBA,Công ty Cổ phần Tập đoàn Quốc tế FBA
EVS,Công ty Cổ phần Chứng khoán Everest
EVG,Công ty Cổ phần Tập đoàn Everland
EVF,Công ty Tài chính Cổ phần Điện Lực
EVE,Công ty Cổ phần Everpia
EPH,Công ty Cổ phần Dịch vụ Xuất bản Giáo dục Hà Nội
EPC,Công ty Cổ phần Cà Phê Ea Pốk
EMS,Tổng Công ty Chuyển phát nhanh Bưu điện - Công ty Cổ phần
EMG,Công ty Cổ phần Thiết bị Phụ tùng Cơ điện
EME,Công ty Cổ phần Điện Cơ
EMC,Công ty Cổ phần Cơ điện Thủ Đức
ELC,Công ty Cổ phần Công nghệ - Viễn thông ELCOM
EIN,Công ty Cổ phần Đầu tư - Thương Mại - Dịch vụ Điện lực
EID,Công ty Cổ phần Đầu tư và Phát triển Giáo dục Hà Nội
EIC,Công ty Cổ phần EVN Quốc Tế
EIB,Ngân hàng Thương mại Cổ phần Xuất nhập khẩu Việt Nam
EFI,Công ty Cổ phần Đầu tư Tài chính Giáo dục
ECO,Công ty Cổ Phần Nhựa Sinh Thái Việt Nam
ECI,Công ty Cổ phần Tập đoàn ECI
EBS,Công ty Cổ phần Sách Giáo dục tại Thành phố Hà Nội
EAD,Công ty Cổ phần Thủy điện Điện lực Đắk Lắk
E29,Công ty cổ phần Đầu tư Xây dựng và Kỹ thuật 29
E12,Công ty Cổ phần Xây Dựng Điện VNECO 12
DZM,Công ty Cổ phần Cơ điện Dzĩ An
DXV,Công ty Cổ phần VICEM Vật liệu Xây dựng Đà Nẵng
DXS,Công ty Cổ phần Dịch vụ Bất động sản Đất Xanh
DXP,Công ty Cổ phần Cảng Đoạn Xá
DXL,Công ty Cổ phần Du lịch và Xuất nhập khẩu Lạng Sơn
DXG,Công ty Cổ phần Tập đoàn Đất Xanh
DX2,
DWS,Công ty Cổ phần Cấp nước và Môi trường Đô thị Đồng Tháp
DWC,Công ty Cổ phần Cấp nước Đắk Lắk
DVW,Công ty Cổ phần Dịch vụ và Xây dựng cấp nước Đồng Nai
DVP,Công ty Cổ phần Đầu tư và Phát triển Cảng Đình Vũ
DVN,Tổng Công ty Dược Việt Nam - CTCP
DVM,Công ty Cổ phần Dược liệu Việt Nam
DVG,Công ty Cổ phần Đại Việt Group DVG
DVC,Công ty Cổ phần Thương mại dịch vụ Tổng Hợp Cảng Hải Phòng
DUS,Công ty Cổ phần Dịch vụ Đô thị Đà Lạt
DTV,Công ty Cổ phần Phát triển điện Trà Vinh
DTT,Công ty Cổ phần Kỹ nghệ Đô Thành
DTP,Công ty Cổ phần Dược phẩm CPC1 Hà Nội
DTL,Công ty Cổ phần Đại Thiên Lộc
DTK,Tổng Công ty Điện lực TKV - Công ty Cổ phần
DTI,Công ty Cổ phần Đầu tư Đức Trung
DTH,Công ty Cổ phần Dược - Vật tư Y tế Thanh Hóa
DTG,Công ty Cổ phần Dược phẩm Tipharco
DTE,Công ty Cổ phần Đầu tư Năng lượng Đại Trường Thành Holdings
DTD,Công ty Cổ phần Đầu tư Phát triển Thành Đạt
DTC,Công ty Cổ phần Viglacera Đông Triều
DTB,Công ty Cổ phần Công trình Đô thị Bảo Lộc
DTA,Công ty Cổ phần Đệ Tam
DT4,Công ty Cổ phần Quản lý Đường sông số 4
DSV,Công ty Cổ phần Đường sắt Vĩnh Phú
DST,Công ty Cổ phần Đầu tư Sao Thăng Long
DSP,Công ty Cổ phần Dịch vụ Du lịch Phú Thọ
DSN,Công ty Cổ phần Công viên nước Đầm Sen
DSG,Công ty Cổ phần Kính Đáp Cầu
DSE,Công ty Cổ phần Chứng khoán DNSE
DSD,Công ty cổ phần DHC Suối Đôi
DSC,Công ty Cổ phần Chứng khoán DSC
DS3,Công ty Cổ phần DS3
DRL,Công ty Cổ phần Thủy điện - Điện lực 3
DRI,Công ty Cổ phần Đầu tư Cao su Đắk Lắk
DRH,Công ty Cổ phần DRH Holdings
DRG,Công ty Cổ phần Cao su Đắk Lắk
DRC,Công ty Cổ phần Cao su Đà Nẵng
DQC,Công ty Cổ phần Tập đoàn Điện Quang
DPS,Công ty Cổ phần Đầu tư Phát triển Sóc Sơn
DPR,Công ty Cổ phần Cao su Đồng Phú
DPP,Công ty Cổ phần Dược Đồng Nai
DPM,Tổng Công ty Phân bón và Hóa chất Dầu khí - Công ty Cổ phần
DPH,Công ty Cổ phần Dược phẩm Hải Phòng
DPG,Công ty Cổ phần Tập đoàn Đạt Phương
DPD,Công ty cổ phần Cao su Đồng Phú - Đắk Nông
DPC,Công ty Cổ phần Nhựa Đà Nẵng
DP3,Công ty Cổ Phần Dược Phẩm Trung Ương 3
DP2,Công ty Cổ phần Dược phẩm Trung ương 2
DP1,Công ty Cổ phần Dược phẩm Trung ương CPC1
DOP,Công ty Cổ phần Vận tải Xăng dầu Đồng Tháp
DOC,Công ty Cổ phần Vật tư nông nghiệp Đồng Nai
DNW,Công ty Cổ phần Cấp nước Đồng Nai
DNT,Công ty Cổ phần Du lịch Đồng Nai
DNP,Công ty Cổ phần DNP Holding
DNN,Công ty Cổ phần Cấp nước Đà Nẵng
DNM,Tổng Công ty Cổ phần Y tế Danameco
DNL,Công ty Cổ phần Logistics Cảng Đà Nẵng
DNH,Công ty Cổ phần Thủy điện Đa Nhim - Hàm Thuận - Đa Mi
DNE,Công ty Cổ phần Môi trường Đô thị Đà Nẵng
DND,Công ty Cổ phần Đầu tư Xây dựng và Vật liệu Đồng Nai
DNC,Công ty Cổ phần Điện nước Lắp máy Hải Phòng
DNB,
DNA,Công ty Cổ phần Điện nước An Giang
DMS,Công ty Cổ phần Hóa phẩm dầu khí DMC - Miền Nam
DMN,Công ty Cổ phần Domenal
DMC,Công ty Cổ phần Xuất nhập khẩu Y tế DOMESCO
DM7,Công ty Cổ phần Dệt may 7
DLT,Công ty Cổ phần Du lịch và Thương mại - Vinacomin
DLR,Công ty Cổ phần Địa ốc Đà Lạt
DLM,Công ty Cổ phần Chiếu sáng công cộng Đà Nẵng
DLG,Công ty Cổ phần Tập đoàn Đức Long Gia Lai
DLD,Công ty Cổ phần Du lịch Đắk Lắk
DL1,Công ty Cổ phần Tập đoàn Alpha Seven
DKW,Công ty Cổ phần Cấp nước sinh hoạt Châu Thành
DKH,
DKC,Công ty Cổ phần Chợ Lạng Sơn
DIH,Công ty Cổ phần Đầu tư Phát triển Xây dựng - Hội An
DIG,Tổng Công ty Cổ phần Đầu tư Phát triển Xây dựng
DID,Công ty Cổ phần DIC - Đồng Tiến
DIC,Công ty Cổ phần Đầu tư và Thương mại DIC
DHT,Công ty Cổ phần Dược phẩm Hà Tây
DHP,Công ty Cổ phần Điện cơ Hải Phòng
DHN,Công ty Cổ phần Dược phẩm Hà Nội
DHM,Công ty Cổ phần Thương mại & Khai thác Khoáng sản Dương Hiếu
DHG,Công ty Cổ phần Dược Hậu Giang
DHD,Công ty Cổ phần Dược Vật Tư Y Tế Hải Dương
DHC,Công ty Cổ phần Đông Hải Bến Tre
DHB,Công ty Cổ phần Phân đạm và Hóa chất Hà Bắc
DHA,Công ty Cổ phần Hóa An
DGW,Công ty Cổ phần Thế Giới Số
DGT,Công ty Cổ phần Công trình Giao thông Đồng Nai
DGC,Công ty Cổ phần Tập đoàn Hóa chất Đức Giang
DFF,Công ty Cổ phần Tập đoàn Đua Fat
DFC,Công ty Cổ phần Xích líp Đông Anh
DDV,Công ty Cổ phần DAP - Vinachem
DDN,Công ty Cổ phần Dược - Thiết bị y tế Đà Nẵng
DDM,Công ty Cổ phần Hàng hải Đông Đô
DDH,Công ty Cổ phần Đảm bảo giao thông đường thủy Hải Phòng
DDG,Công ty Cổ phần Đầu tư Công nghiệp Xuất nhập khẩu Đông Dương
DDB,Công ty Cổ Phần Thương Mại Và Xây Dựng Đông Dương
DCT,Công ty Cổ phần Tấm lợp Vật liệu Xây dựng Đồng Nai
DCS,Công ty Cổ phần Tập đoàn Đại Châu
DCR,Công ty Cổ phần Gạch men COSEVCO
DCM,Công ty Cổ phần Phân bón Dầu Khí Cà Mau
DCL,Công ty Cổ phần Dược phẩm Cửu Long
DCH,Công ty Cổ phần Địa chính Hà Nội
DCG,Công ty Cổ phần Tổng Công ty May Đáp Cầu
DCF,Công ty Cổ phần Xây dựng và Thiết kế số 1
DC4,Công ty Cổ phần Xây dựng DIC Holdings
DC2,Công ty Cổ phần Đầu tư Phát triển - Xây dựng (DIC) số 2
DC1,Công ty Cổ phần Đầu tư Phát triển Xây dựng số 1
DBW,Công ty Cổ phần Cấp nước Điện Biên
DBT,Công ty Cổ phần Dược phẩm Bến Tre
DBM,Công ty Cổ phần Dược - Vật tư Y tế Đắk Lắk
DBH,Công ty Cổ phần Đường bộ Hải Phòng
DBD,Công ty Cổ phần Dược - Trang thiết bị y tế Bình Định (BIDIPHAR)
DBC,Công ty Cổ phần Tập đoàn Dabaco Việt Nam
DAT,Công ty Cổ phần Đầu tư Du lịch và Phát triển Thủy sản
DAS,Công ty Cổ phần Máy - Thiết bị Dầu khí Đà Nẵng
DAR,Công ty Cổ phần Xe lửa Dĩ An
DAN,Công ty Cổ phần Dược Danapha
DAH,Công ty Cổ phần Tập đoàn Khách sạn Đông Á
DAG,Công ty Cổ phần Tập đoàn Nhựa Đông Á
DAE,Công ty Cổ phần Sách Giáo dục tại Thành phố Đà Nẵng
DAD,Công ty Cổ phần Đầu tư và Phát triển Giáo dục Đà Nẵng
DAC,Công ty Cổ phần 382 Đông Anh
D2D,Công ty Cổ phần Phát triển Đô thị Công nghiệp số 2
D17,Công ty Cổ Phần Đồng Tân
D11,Công ty Cổ phần Địa ốc 11
CYC,Công ty Cổ phần Gạch men Chang Yih
CX8,Công ty Cổ phần Đầu tư và Xây lắp Constrexim số 8
CVT,Công ty Cổ phần CMC
CVP,Công ty cổ phần Cảng Cửa Việt
CVN,Công ty Cổ phần Vinam
CTX,Tổng Công ty Cổ phần Đầu tư Xây dựng và Thương mại Việt Nam
CTW,Công ty Cổ phần Cấp thoát nước Cần Thơ
CTT,Công ty Cổ phần Chế tạo máy Vinacomin
CTS,Công ty Cổ phần Chứng khoán Ngân hàng Công thương Việt Nam
CTR,Tổng Công ty Cổ phần Công trình Viettel
CTP,Công ty Cổ phần Hoà Bình Takara
CTN,Công ty Cổ phần Xây dựng Công trình ngầm
CTI,Công ty Cổ phần Đầu tư Phát triển Cường Thuận IDICO
CTG,Ngân hàng Thương mại Cổ phần Công thương Việt Nam
CTF,Công ty Cổ phần City Auto
CTD,Công ty Cổ phần Xây dựng Coteccons
CTC,Công ty Cổ phần Tập đoàn Hoàng Kim Tây Nguyên
CTB,Công ty Cổ phần Chế tạo Bơm Hải Dương
CTA,Công ty Cổ phần Vinavico
CT6,Công ty Cổ phần Công trình 6
CT5,
CT3,Công ty Cổ phần Đầu tư và Xây dựng công trình 3
CSV,Công ty Cổ phần Hóa chất Cơ bản miền Nam
CST,Công ty Cổ phần Than Cao Sơn - TKV
CSM,Công ty Cổ phần Công nghiệp Cao su Miền Nam
CSI,Công ty Cổ phần Chứng khoán Kiến thiết Việt Nam
CSC,Công ty Cổ phần Tập đoàn COTANA
CRE,Công ty Cổ phần Bất động sản Thế Kỷ
CRC,Công ty Cổ phần Create Capital Việt Nam
CQT,Công ty Cổ phần Xi măng Quán Triều VVMI
CQN,Công ty Cổ phần Cảng Quảng Ninh
CPI,Công ty Cổ phần Đầu tư Cảng Cái Lân
CPH,Công ty Cổ phần Phục vụ Mai táng Hải Phòng
CPC,Công ty Cổ phần Thuốc sát trùng Cần Thơ
CPA,Công ty Cổ phần Cà phê Phước An
COM,Công ty Cổ phần Vật tư Xăng dầu
CNT,Công ty Cổ phần Tập đoàn CNT
CNN,"Công ty Cổ phần Tư vấn Công nghệ, Thiết bị và Kiểm định Xây dựng - CONINCO"
CNG,Công ty Cổ phần CNG Việt Nam
CNC,Công ty Cổ phần Công nghệ cao Traphaco
CNA,Công ty Cổ phần Tổng công ty Chè Nghệ An
CMX,Công ty Cổ phần CAMIMEX Group
CMW,Công ty Cổ phần Cấp nước Cà Mau
CMV,Công ty Cổ phần Thương nghiệp Cà Mau
CMT,Công ty Cổ phần Công nghệ mạng và Truyền thông
CMS,Công ty Cổ phần Tập đoàn CMH Việt Nam
CMP,Công ty Cổ phần Cảng Chân Mây
CMN,Công ty Cổ phần Lương thực Thực phẩm Colusa - Miliket
CMM,Công ty Cổ phần Camimex
CMK,Công ty Cổ phần Cơ khí Mạo Khê - Vinacomin
CMI,Công ty Cổ phần CMISTONE Việt Nam
CMG,Công ty Cổ phần Tập đoàn Công nghệ CMC
CMF,Công ty Cổ phần Thực phẩm Cholimex
CMD,Công ty Cổ phần Vật liệu xây dựng và Trang trí nội thất TP Hồ Chí Minh
CMC,Công ty Cổ phần Đầu tư CMC
CLX,Công ty Cổ phần Xuất nhập khẩu và Đầu tư Chợ Lớn (CHOLIMEX)
CLW,Công ty Cổ phần Cấp nước Chợ Lớn
CLM,Công ty Cổ phần Xuất nhập khẩu Than - Vinacomin
CLL,Công ty Cổ phần Cảng Cát Lái
CLH,Công ty Cổ phần Xi măng La Hiên VVMI
CLG,Công ty Cổ phần Đầu tư và Phát triển Nhà đất Cotec
CLC,Công ty Cổ phần Cát Lợi
CKV,Công ty Cổ phần CokyVina
CKG,Công ty Cổ phần Tập đoàn Tư vấn Đầu tư Xây dựng Kiên Giang
CKD,Công ty Cổ phần Cơ khí Đông Anh Licogi
CKA,Công ty Cổ phần Cơ khí An Giang
CK8,Công ty Cổ phần Cơ khí 120
CJC,Công ty Cổ phần Cơ điện Miền Trung
CIP,Công ty Cổ phần Xây lắp và Sản xuất Công nghiệp
CII,Công ty Cổ phần Đầu tư Hạ tầng Kỹ thuật Thành phố Hồ Chí Minh
CIG,Công ty Cổ phần COMA 18
CID,Công ty Cổ phần Xây dựng và Phát triển Cơ sở Hạ tầng
CIA,Công ty Cổ Phần Dịch Vụ Sân Bay Quốc Tế Cam Ranh
CI5,Công ty Cổ phần Đầu tư Xây dựng số 5
CHS,Công ty Cổ phần Chiếu sáng Công cộng Thành phố Hồ Chí Minh
CHP,Công ty Cổ phần Thủy điện Miền Trung
CHC,Công ty Cổ phần Cẩm Hà
CH5,Công ty Cổ phần Xây dựng số 5 Hà Nội
CGV,Công ty Cổ phần Vinaceglass
CGL,Công ty Cổ phần Thương mại Gia Lai
CFV,Công ty Cổ phần Cà phê Thắng Lợi
CFM,Công ty Cổ phần Đầu tư CFM
CET,Công ty Cổ phần HTC Holding
CEO,Công ty Cổ phần Tập đoàn C.E.O
CEN,Công ty Cổ phần CENCON Việt Nam
CEG,Công ty Cổ phần Tập đoàn Xây dựng và Thiết bị Công nghiệp
CEE,Công ty Cổ phần Xây dựng Hạ tầng CII
CE1,Công ty Cổ phần Xây dựng và Thiết bị Công nghiệp CIE1
CDR,Công ty Cổ phần Xây dựng Cao su Đồng Nai
CDP,Công ty Cổ phần Dược phẩm Trung ương Codupha
CDO,Công ty Cổ phần Tư vấn Thiết kế và Phát triển Đô thị
CDN,Công ty Cổ phần Cảng Đà Nẵng
CDH,Công ty Cổ phần Công trình Công cộng và Dịch vụ Du lịch Hải Phòng
CDG,Công ty Cổ phần Cầu Đuống
CDC,Công ty Cổ phần Chương Dương
CCV,Công ty Cổ phần Tư vấn Xây dựng Công nghiệp và Đô thị Việt Nam
CCT,Công ty Cổ phần Cảng Cần Thơ
CCR,Công ty Cổ phần Cảng Cam Ranh
CCP,Công ty Cổ phần Cảng Cửa Cấm Hải Phòng
CCM,Công ty Cổ phần Khoáng sản và Xi măng Cần Thơ
CCL,Công ty Cổ phần Đầu tư và Phát triển Đô thị Dầu khí Cửu Long
CCI,Công ty Cổ phần Đầu tư Phát triển Công nghiệp Thương mại Củ Chi
CCC,Công ty Cổ Phần Xây Dựng CDC
CCA,Công ty Cổ phần Xuất nhập khẩu Thủy sản Cần Thơ
CC4,Công ty Cổ phần Đầu tư và Xây dựng số 4
CC1,Tổng Công ty Xây dựng số 1 - CTCP
CBS,Công ty Cổ phần Mía đường Cao Bằng
CBI,Công ty Cổ phần Gang thép Cao Bằng
CAV,Công ty Cổ Phần Dây cáp điện Việt Nam
CAT,Công ty Cổ phần Thủy sản Cà Mau
CAR,Công ty cổ phần Tập đoàn Giáo dục Trí Việt
CAP,Công ty Cổ phần Lâm Nông sản Thực phẩm Yên Bái
CAN,Công ty Cổ phần Đồ hộp Hạ Long
CAG,Công ty Cổ phần Cảng An Giang
CAD,Công ty Cổ phần Chế biến và Xuất khẩu Thủy sản Cadovimex
CAB,Công ty Cổ phần Tổng Công ty Truyền hình Cáp Việt Nam
C92,Công ty Cổ phần Xây dựng và Đầu tư 492
C69,Công ty Cổ phần Xây dựng 1369
C4G,Công ty Cổ phần Tập Đoàn Cienco4
C47,Công ty Cổ phần Xây dựng 47
C32,Công ty Cổ phần CIC39
C22,Công ty Cổ phần 22
C21,Công ty Cổ phần Thế kỷ 21
C12,Công ty Cổ phần Cầu 12
BXT,
BXH,Công ty Cổ phần VICEM Bao bì Hải Phòng
BWS,Công ty Cổ phần Cấp Nước Bà Rịa - Vũng Tàu
BWE,Công ty Cổ phần - Tổng công ty Nước - Môi trường Bình Dương
BWA,Công ty Cổ phần Cấp thoát nước và Xây dựng Bảo Lộc
BVS,Công ty Cổ phần Chứng khoán Bảo Việt
BVN,Công ty Cổ phần Bông Việt Nam
BVL,Công ty Cổ phần BV Land
BVH,Tập đoàn Bảo Việt
BVG,Công ty Cổ phần Group Bắc Việt
BVB,Ngân hàng Thương mại Cổ phần Bản Việt
BUD,
BTW,Công ty Cổ phần Cấp nước Bến Thành
BTV,Công ty Cổ phần Dịch vụ Du lịch Bến Thành
BTU,Công ty Cổ phần Công trình Đô thị Bến Tre
BTT,Công ty Cổ phần Thương mại - Dịch vụ Bến Thành
BTS,Công ty Cổ phần Xi măng VICEM Bút Sơn
BTP,Công ty Cổ phần Nhiệt điện Bà Rịa
BTN,Công ty Cổ phần Đầu tư Bitco Bình Định
BTH,Công ty Cổ phần Chế tạo Biến thế và Vật liệu Điện Hà Nội
BTG,Công ty Cổ phần Bao bì Tiền Giang
BTD,Công ty Cổ phần Bê tông ly tâm Thủ Đức
BTB,Công ty Cổ phần Bia Hà Nội - Thái Bình
BT6,Công ty Cổ phần BETON 6
BT1,Công ty Cổ phần Bảo vệ thực vật 1 Trung ương
BST,Công ty Cổ phần Sách và Thiết bị Bình Thuận
BSR,Công ty Cổ phần Lọc Hóa dầu Bình Sơn
BSQ,Công ty Cổ phần Bia Sài Gòn - Quảng Ngãi
BSP,Công ty Cổ phần Bia Sài Gòn - Phú Thọ
BSL,Công ty Cổ phần Bia Sài Gòn - Sông Lam
BSI,Công ty Cổ phần Chứng khoán BIDV
BSH,Công ty Cổ phần Bia Sài Gòn - Hà Nội
BSG,Công ty Cổ phần Xe khách Sài Gòn
BSD,"Công ty Cổ phần Bia, Rượu Sài Gòn - Đồng Xuân"
BSC,Công ty Cổ phần Dịch vụ Bến Thành
BSA,Công ty Cổ phần Thủy điện Buôn Đôn
BRS,Công ty Cổ phần Dịch vụ Đô thị Bà Rịa
BRR,Công ty Cổ phần Cao su Bà Rịa
BRC,Công ty Cổ phần Cao su Bến Thành
BQB,Công ty Cổ phần Bia Hà Nội - Quảng Bình
BPW,
BPC,Công ty Cổ phần Vicem Bao bì Bỉm Sơn
BOT,Công ty Cổ phần BOT Cầu Thái Hà
BNW,Công ty Cổ phần Nước sạch Bắc Ninh
BNA,Công ty Cổ phần Tập đoàn Đầu tư Bảo Ngọc
BMV,Công ty Cổ phần Bột mỳ Vinafood 1
BMS,Công ty Cổ phần Chứng khoán Bảo Minh
BMP,Công ty Cổ phần Nhựa Bình Minh
BMN,Công ty Cổ phần 715
BMK,Công ty Cổ Phần Kỹ thuật Nhiệt Mèo Đen
BMJ,Công ty Cổ phần Khoáng sản Miền Đông AHP
BMI,Tổng Công ty Cổ phần Bảo Minh
BMG,Công ty Cổ phần May Bình Minh
BMF,Công ty Cổ phần Vật liệu Xây dựng và Chất đốt Đồng Nai
BMD,Công ty Cổ phần Môi trường và Dịch vụ Đô thị Bình Thuận
BMC,Công ty Cổ phần Khoáng sản Bình Định
BLW,Công ty Cổ phần Cấp nước Bạc Liêu
BLU,
BLT,Công ty Cổ phần Lương thực Bình Định
BLN,Công ty Cổ phần Vận tải và Dịch vụ Liên Ninh
BLI,Tổng Công ty Cổ phần Bảo hiểm Bảo Long
BLF,Công ty Cổ phần Thủy sản Bạc Liêu
BKH,Công ty Cổ phần Bánh mứt kẹo Hà Nội
BKG,Công ty Cổ phần Đầu tư BKG Việt Nam
BKC,Công ty Cổ phần Khoáng sản Bắc Kạn
BIO,Công ty Cổ phần Vắc xin và Sinh phẩm Nha Trang
BII,Công ty Cổ phần Đầu tư và Phát triển Công nghiệp Bảo Thư
BIG,Công ty cổ phần BIG Invest Group
BID,Ngân hàng Thương mại Cổ phần Đầu tư và Phát triển Việt Nam
BIC,Tổng Công ty Cổ phần Bảo hiểm Ngân hàng Đầu tư và Phát triển Việt Nam
BHT,Công ty Cổ phần Đầu tư Xây dựng Bạch Đằng TMC
BHP,Công ty Cổ phần Bia Hà Nội - Hải Phòng
BHN,Tổng Công ty Cổ phần Bia - Rượu - Nước giải khát Hà Nội
BHK,Công ty Cổ phần Bia Hà Nội - Kim Bài
BHI,Tổng Công ty Cổ phần Bảo hiểm Sài Gòn - Hà Nội
BHG,Công ty Cổ phần Chè Biển Hồ
BHC,Công ty Cổ phần Bê tông Biên Hòa
BHA,Công ty Cổ phần Thủy điện Bắc Hà
BGW,Công ty Cổ phần Nước sạch Bắc Giang
BGE,Công ty Cổ phần BCG Energy
BFC,Công ty Cổ phần Phân bón Bình Điền
BEL,Công ty Cổ phần Điện tử Biên Hòa
BED,Công ty Cổ phần Sách và Thiết bị trường học Đà Nẵng
BDW,Công ty Cổ phần Cấp thoát nước Bình Định
BDT,Công ty Cổ phần Xây lắp và Vật liệu xây dựng Đồng Tháp
BDG,Công ty Cổ phần May mặc Bình Dương
BDB,Công ty Cổ phần Sách và Thiết bị Bình Định
BCV,Công ty Cổ phần Du lịch và Thương mại Bằng Giang Cao Bằng - Vimico
BCR,Công ty Cổ phần BCG Land
BCP,Công ty Cổ phần Dược Enlie
BCO,Công ty Cổ phần Xây dựng Bình Phước
BCM,Tổng Công ty Đầu tư và Phát triển Công nghiệp - CTCP
BCG,Công ty Cổ phần Tập đoàn Bamboo Capital
BCF,Công ty Cổ phần Thực phẩm Bích Chi
BCE,Công ty Cổ phần Xây dựng và Giao thông Bình Dương
BCC,Công ty Cổ phần Xi măng Bỉm Sơn
BCB,Công ty Cổ phần 397
BCA,Công ty cổ phần B.C.H
BBT,Công ty Cổ phần Bông Bạch Tuyết
BBS,Công ty Cổ phần VICEM Bao bì Bút Sơn
BBM,Công ty Cổ phần Bia Hà Nội - Nam Định
BBH,Công ty Cổ phần Bao bì Hoàng Thạch
BBC,Công ty Cổ phần Bibica
BAX,Công ty Cổ phần Thống Nhất
BAL,Công ty Cổ phần Bao bì Bia - Rượu - Nước giải khát
BAF,Công ty Cổ phần Nông nghiệp BAF Việt Nam
BAB,Ngân hàng Thương mại Cổ phần Bắc Á
B82,Công ty Cổ phần 482
AVG,Công ty Cổ phần Phân Bón Quốc Tế Âu Việt
AVF,Công ty Cổ phần Việt An
AVC,Công ty Cổ phần Thủy điện A Vương
AUM,Công ty Cổ phần Vinacafe Sơn Thành
ATS,Công ty Cổ phần Tập đoàn Đầu tư ATS
ATG,Công ty Cổ phần An Trường An
ATB,Công ty Cổ phần An Thịnh
ATA,Công ty Cổ phần NTACO
AST,Công ty Cổ phần Dịch vụ Hàng không Taseco
ASP,Công ty Cổ phần Tập đoàn Dầu khí An Pha
ASM,Công ty Cổ phần Tập đoàn Sao Mai
ASG,Công ty Cổ phần Tập đoàn ASG
ASA,Công ty Cổ phần ASA
ART,Công ty Cổ phần Chứng khoán BOS
ARM,Công ty Cổ phần Xuất nhập khẩu Hàng không
APT,Công ty Cổ phần Kinh doanh thủy hải sản Sài Gòn
APS,Công ty Cổ phần Chứng khoán Châu Á - Thái Bình Dương
APP,Công ty Cổ phần Phát triển Phụ gia và Sản phẩm dầu mỏ
APL,Công ty Cổ phần Cơ khí và Thiết bị áp lực - VVMI
API,Công ty Cổ phần Đầu tư Châu Á - Thái Bình Dương
APH,Công ty Cổ phần Tập đoàn An Phát Holdings
APG,Công ty Cổ phần Chứng khoán APG
APF,Công ty Cổ phần Nông sản Thực phẩm Quảng Ngãi
APC,Công ty Cổ phần Chiếu xạ An Phú
ANV,Công ty Cổ phần Nam Việt
ANT,Công ty Cổ phần Rau quả Thực phẩm An Giang
AMV,Công ty Cổ phần Sản xuất Kinh doanh Dược và Trang thiết bị Y tế Việt Mỹ
AMS,Công ty Cổ phần Cơ khí Xây dựng AMECC
AMP,Công ty Cổ phần Armephaco
AME,Công ty cổ phần Alphanam E&C
AMD,Công ty Cổ phần Đầu tư và Khoáng sản FLC Stone
AMC,Công ty Cổ phần Khoáng sản Á Châu
ALV,Công ty Cổ phần Xây dựng ALVICO
ALT,Công ty Cổ phần Văn hóa Tân Bình
AIG,Công ty Cổ phần Nguyên liệu Á Châu AIG
AIC,Tổng Công ty Cổ phần Bảo hiểm Hàng không
AGX,Công ty Cổ phần Thực phẩm Nông sản Xuất khẩu Sài Gòn
AGR,Công ty Cổ phần Chứng khoán AGRIBANK
AGP,Công ty Cổ phần Dược phẩm AGIMEXPHARM
AGM,Công ty Cổ phần Xuất nhập khẩu An Giang
AGG,Công ty Cổ phần Đầu tư và Phát triển Bất động sản An Gia
AGF,Công ty Cổ phần Xuất nhập khẩu Thủy sản An Giang
AGE,Công ty Cổ phần Môi trường Đô thị An Giang
AG1,Công ty Cổ phần 28.1
AFX,Công ty Cổ phần Xuất Nhập khẩu Nông sản Thực phẩm An Giang
ADS,Công ty Cổ phần DAMSAN
ADP,Công ty Cổ phần Sơn Á Đông
ADG,Công ty Cổ phần Clever Group
ADC,Công ty Cổ phần Mĩ thuật và Truyền thông
ACV,Tổng Công ty Cảng Hàng không Việt Nam - CTCP
ACS,Công ty Cổ phần Xây lắp Thương mại 2
ACM,Công ty Cổ phần Tập đoàn Khoáng sản Á Cường
ACL,Công ty Cổ phần Xuất nhập khẩu Thủy sản Cửu Long An Giang
ACG,Công ty Cổ phần Gỗ An Cường
ACE,Công ty Cổ phần Bê tông ly tâm An Giang
ACC,Công ty Cổ phần Đầu tư và Xây dựng Bình Dương ACC
ACB,Ngân hàng Thương mại Cổ phần Á Châu
ABW,Công ty Cổ phần Chứng khoán An Bình
ABT,Công ty Cổ phần Xuất nhập khẩu Thủy sản Bến Tre
ABS,Công ty Cổ phần Dịch vụ Nông nghiệp Bình Thuận
ABR,Công ty Cổ phần Đầu tư Nhãn Hiệu Việt
ABI,Công ty Cổ phần Bảo hiểm Ngân hàng Nông Nghiệp
ABC,Công ty Cổ phần Truyền thông VMG
ABB,Ngân hàng Thương mại Cổ phần An Bình
AAV,Công ty Cổ phần AAV Group
AAT,Công ty Cổ phần Tập đoàn Tiên Sơn Thanh Hóa
AAS,Công ty Cổ phần Chứng khoán SmartInvest
AAM,Công ty Cổ Phần Thủy Sản MeKong
AAH,Công ty Cổ phần Hợp Nhất
AAA,Công ty Cổ phần Nhựa An Phát Xanh
A32,Công ty Cổ phần 32
